Muestra,Tiempo,Temp,Hum,Pres,Den,DP,Ref,VelFrec,PWM,Control,Error,ESTADOvariador,ERRORvariador,TiempoRel,ControlAutomatico
0,563.0,22.123,22.965,1010.1106,1.1894,0.0,14.0,0.0,220.0,0.0,633.64,0.0,0.0,563.0,0.0
1,613.0,22.123,22.973,1010.0108,1.1893,0.0,14.0,0.0,220.0,0.0,633.64,0.0,0.0,613.0,0.0
2,664.0,22.155,22.957,1010.0236,1.1892,0.0,14.0,0.0,220.0,0.0,633.64,0.0,0.0,664.0,0.0
3,715.0,22.155,22.965,1010.0236,1.1892,0.0,14.0,0.0,220.0,0.0,633.64,0.0,0.0,715.0,0.0
4,765.0,22.134,22.95,1010.02655,1.1893,0.0,14.0,0.0,220.0,0.0,633.64,0.0,0.0,765.0,0.0
5,817.0,22.145,22.965,1010.03937,1.1893,0.0,14.0,0.0,220.0,0.0,633.64,0.0,0.0,817.0,0.0
6,868.0,22.155,22.957,1010.043,1.1892,0.0,14.0,0.0,220.0,0.0,633.64,0.0,0.0,868.0,0.0
7,918.0,22.145,22.973,1010.043,1.1893,0.0,14.0,0.0,220.0,0.0,633.64,0.0,0.0,918.0,0.0
8,969.0,22.155,22.965,1010.00696,1.1892,0.0,14.0,0.0,220.0,0.0,633.64,0.0,0.0,969.0,0.0
9,1019.0,22.145,22.957,1010.0197,1.1892,0.0,14.0,0.0,220.0,0.0,633.64,0.0,0.0,1019.0,0.0
10,1071.0,22.134,22.965,1010.0737,1.1894,0.0,14.0,0.0,220.0,0.0,633.64,0.0,0.0,1071.0,0.0
11,1122.0,22.155,22.965,1010.0737,1.1893,0.0,14.0,0.0,220.0,0.0,633.64,0.0,0.0,1122.0,0.0
12,1173.0,22.134,22.965,1010.015,1.1893,0.0,14.0,0.0,220.0,0.0,633.64,0.0,0.0,1173.0,0.0
13,1223.0,22.145,22.965,1010.0016,1.1892,0.0,14.0,0.0,220.0,0.0,633.64,0.0,0.0,1223.0,0.0
14,1274.0,22.134,22.957,1010.0016,1.1893,0.0,14.0,0.0,220.0,0.0,633.64,0.0,0.0,1274.0,0.0
15,1326.0,22.155,22.965,1009.97455,1.1891,0.0,14.0,0.0,220.0,0.0,633.64,0.0,0.0,1326.0,0.0
16,1376.0,22.145,22.965,1010.04126,1.1893,0.0,14.0,0.0,220.0,0.0,633.64,0.0,0.0,1376.0,0.0
17,1427.0,22.134,22.957,1009.9964,1.1893,0.0,14.0,0.0,220.0,0.0,633.64,0.0,0.0,1427.0,0.0
18,1478.0,22.155,22.973,1009.9964,1.1892,0.0,14.0,0.0,220.0,0.0,633.64,0.0,0.0,1478.0,0.0
19,1528.0,22.134,22.965,1009.9603,1.1892,0.0,14.0,0.0,220.0,0.0,633.64,0.0,0.0,1528.0,0.0
20,1580.0,22.155,22.965,1010.0457,1.1892,0.0,14.0,0.0,220.0,0.0,633.64,0.0,0.0,1580.0,0.0
21,1631.0,22.155,22.965,1010.0144,1.1892,0.0,14.0,0.0,220.0,0.0,633.64,0.0,0.0,1631.0,0.0
22,1682.0,22.134,22.965,1010.0144,1.1893,0.0,14.0,0.0,220.0,0.0,633.64,0.0,0.0,1682.0,0.0
23,1732.0,22.145,22.957,1010.0457,1.1893,0.0,14.0,0.0,220.0,0.0,633.64,0.0,0.0,1732.0,0.0
24,1783.0,22.134,22.957,1010.0095,1.1893,0.0,14.0,0.0,220.0,0.0,633.64,0.0,0.0,1783.0,0.0
25,1835.0,22.145,22.973,1009.96906,1.1892,0.0,14.0,0.0,220.0,0.0,633.64,0.0,0.0,1835.0,0.0
26,1885.0,22.134,22.957,1009.96906,1.1892,0.0,14.0,0.0,220.0,0.0,633.64,0.0,0.0,1885.0,0.0
27,1936.0,22.155,22.957,1009.9961,1.1892,0.0,14.0,0.0,220.0,0.0,633.64,0.0,0.0,1936.0,0.0
28,1987.0,22.134,22.965,1009.9917,1.1893,0.0,14.0,0.0,220.0,0.0,633.64,0.0,0.0,1987.0,0.0
29,2037.0,22.155,22.957,1009.9917,1.1892,0.0,14.0,0.0,220.0,0.0,633.64,0.0,0.0,2037.0,0.0
30,2088.0,22.145,22.95,1010.0592,1.1893,0.0,14.0,0.0,220.0,0.0,633.64,0.0,0.0,2088.0,0.0
31,2140.0,22.155,22.965,1010.0008,1.1892,0.0,14.0,0.0,220.0,0.0,633.64,0.0,0.0,2140.0,0.0
32,2191.0,22.155,22.957,1010.02313,1.1892,0.0,14.0,0.0,220.0,0.0,633.64,0.0,0.0,2191.0,0.0
33,2241.0,22.145,22.965,1010.02313,1.1892,0.0,14.0,0.0,220.0,0.0,633.64,0.0,0.0,2241.0,0.0
34,2292.0,22.145,22.957,1010.04095,1.1893,0.0,14.0,0.0,220.0,0.0,633.64,0.0,0.0,2292.0,0.0
35,2343.0,22.134,22.957,1009.9819,1.1892,0.0,14.0,0.0,220.0,0.0,633.64,0.0,0.0,2343.0,0.0
36,2394.0,22.155,22.957,1010.0045,1.1892,0.0,14.0,0.0,220.0,0.0,633.64,0.0,0.0,2394.0,0.0
37,2445.0,22.155,22.957,1010.0045,1.1892,0.0,14.0,0.0,220.0,0.0,633.64,0.0,0.0,2445.0,0.0
38,2496.0,22.155,22.95,1010.0005,1.1892,0.0,14.0,0.0,220.0,0.0,633.64,0.0,0.0,2496.0,0.0
39,2546.0,22.155,22.95,1009.991,1.1892,0.0,14.0,0.0,220.0,0.0,633.64,0.0,0.0,2546.0,0.0
40,2597.0,22.155,22.965,1010.072,1.1893,0.0,14.0,0.0,220.0,0.0,633.64,0.0,0.0,2597.0,0.0
41,2649.0,22.155,22.957,1010.072,1.1893,0.0,14.0,0.0,220.0,0.0,633.64,0.0,0.0,2649.0,0.0
42,2700.0,22.155,22.965,1010.02234,1.1892,0.0,14.0,0.0,220.0,0.0,633.64,0.0,0.0,2700.0,0.0
43,2750.0,22.134,22.957,1010.0275,1.1893,0.0,14.0,0.0,220.0,0.0,633.64,0.0,0.0,2750.0,0.0
44,2801.0,22.166,22.95,1010.0275,1.1892,0.0,14.0,0.0,220.0,0.0,633.64,0.0,0.0,2801.0,0.0
45,2852.0,22.155,22.965,1010.0045,1.1892,0.0,14.0,0.0,220.0,0.0,633.64,0.0,0.0,2852.0,0.0
46,2903.0,22.166,22.965,1010.03156,1.1892,0.0,14.0,0.0,220.0,0.0,633.64,0.0,0.0,2903.0,0.0
47,2954.0,22.166,22.957,1010.0275,1.1892,0.0,14.0,0.0,220.0,0.0,633.64,0.0,0.0,2954.0,0.0
48,3005.0,22.166,22.95,1010.0275,1.1892,0.0,14.0,0.0,220.0,0.0,633.64,0.0,0.0,3005.0,0.0
49,3055.0,22.155,22.965,1010.0089,1.1892,0.0,14.0,0.0,220.0,0.0,633.64,0.0,0.0,3055.0,0.0
50,3106.0,22.145,22.957,1009.96405,1.1892,0.0,14.0,0.0,220.0,0.0,633.64,0.0,0.0,3106.0,0.0
51,3158.0,22.145,22.957,1010.0545,1.1893,0.0,14.0,0.0,220.0,0.0,633.64,0.0,0.0,3158.0,0.0
52,3209.0,22.155,22.957,1010.0545,1.1892,0.0,14.0,0.0,220.0,0.0,633.64,0.0,0.0,3209.0,0.0
53,3259.0,22.177,22.965,1010.0005,1.1891,0.0,14.0,0.0,220.0,0.0,633.64,0.0,0.0,3259.0,0.0
54,3310.0,22.166,22.973,1010.01794,1.1891,0.0,14.0,0.0,220.0,0.0,633.64,0.0,0.0,3310.0,0.0
55,3361.0,22.155,22.95,1010.01794,1.1892,0.0,14.0,0.0,220.0,0.0,633.64,0.0,0.0,3361.0,0.0
56,3411.0,22.145,22.95,1010.068,1.1893,0.0,14.0,0.0,220.0,0.0,633.64,0.0,0.0,3411.0,0.0
57,3463.0,22.145,22.95,1010.0403,1.1893,0.0,14.0,0.0,220.0,0.0,633.64,0.0,0.0,3463.0,0.0
58,3514.0,22.155,22.965,1009.96844,1.1891,0.0,14.0,0.0,220.0,0.0,633.64,0.0,0.0,3514.0,0.0
59,3564.0,22.166,22.942,1009.96844,1.1891,0.0,14.0,0.0,220.0,0.0,633.64,0.0,0.0,3564.0,0.0
60,3615.0,22.166,22.95,1010.0089,1.1891,0.0,14.0,0.0,220.0,0.0,633.64,0.0,0.0,3615.0,0.0
61,3666.0,22.155,22.942,1009.99976,1.1892,0.0,14.0,0.0,220.0,0.0,633.64,0.0,0.0,3666.0,0.0
62,3718.0,22.155,22.965,1010.0045,1.1892,0.0,14.0,0.0,220.0,0.0,633.64,0.0,0.0,3718.0,0.0
63,3768.0,22.155,22.957,1010.0045,1.1892,0.0,14.0,0.0,220.0,0.0,633.64,0.0,0.0,3768.0,0.0
64,3819.0,22.155,22.957,1010.0045,1.1892,0.0,14.0,0.0,220.0,0.0,633.64,0.0,0.0,3819.0,0.0
65,3870.0,22.166,22.957,1010.02234,1.1892,0.0,14.0,0.0,220.0,0.0,633.64,0.0,0.0,3870.0,0.0
66,3920.0,22.177,22.957,1009.9549,1.189,0.0,14.0,0.0,220.0,0.0,633.64,0.0,0.0,3920.0,0.0
67,3972.0,22.145,22.95,1009.9549,1.1892,0.0,14.0,0.0,220.0,0.0,633.64,0.0,0.0,3972.0,0.0
68,4028.0,22.166,22.95,1010.0133,1.1891,0.0,14.0,0.0,220.0,0.0,633.64,0.0,0.0,4028.0,1.0
69,4079.0,22.145,22.957,1010.03595,1.1893,0.0,14.0,0.0,220.0,0.0,633.64,0.0,0.0,4079.0,1.0
70,4130.0,22.166,22.957,1010.01794,1.1892,0.0,14.0,0.0,220.0,0.0,633.64,0.0,0.0,4130.0,1.0
71,4182.0,22.166,22.95,1010.01794,1.1892,0.0,14.0,0.0,220.0,0.0,633.64,0.0,0.0,4182.0,1.0
72,4232.0,22.187,22.965,1009.96844,1.189,0.0,14.0,0.0,220.0,0.0,633.64,0.0,0.0,4232.0,1.0
73,4283.0,22.166,22.95,1009.99536,1.1891,0.0,14.0,0.0,220.0,0.0,633.64,0.0,0.0,4283.0,1.0
74,4334.0,22.145,22.95,1010.04095,1.1893,0.0,14.0,0.0,220.0,0.0,633.64,0.0,0.0,4334.0,1.0
75,4384.0,22.166,22.957,1010.04095,1.1892,0.0,14.0,0.0,220.0,0.0,633.64,0.0,0.0,4384.0,1.0
76,4435.0,22.134,22.95,1010.0042,1.1893,0.0,14.0,0.0,220.0,0.0,633.64,0.0,0.0,4435.0,1.0
77,4487.0,22.166,22.957,1009.98627,1.1891,0.0,14.0,0.0,220.0,0.0,633.64,0.0,0.0,4487.0,1.0
78,4537.0,22.155,22.95,1009.98627,1.1892,0.0,14.0,0.0,220.0,0.0,633.64,0.0,0.0,4537.0,1.0
79,4588.0,22.166,22.95,1009.98627,1.1891,0.0,14.0,0.0,220.0,0.0,633.64,0.0,0.0,4588.0,1.0
80,4639.0,22.166,22.957,1010.0133,1.1891,0.0,14.0,0.0,220.0,0.0,633.64,0.0,0.0,4639.0,1.0
81,4689.0,22.155,22.95,1010.03595,1.1892,0.0,14.0,0.0,220.0,0.0,633.64,0.0,0.0,4689.0,1.0
82,4741.0,22.177,22.957,1010.03595,1.1891,0.0,14.0,0.0,220.0,0.0,633.64,0.0,0.0,4741.0,1.0
83,4792.0,22.177,22.942,1010.03156,1.1891,0.0,14.0,0.0,220.0,0.0,633.64,0.0,0.0,4792.0,1.0
84,4843.0,22.166,22.95,1010.01794,1.1892,0.0,14.0,0.0,220.0,0.0,633.64,0.0,0.0,4843.0,1.0
85,4893.0,22.155,22.95,1010.02234,1.1892,0.0,14.0,0.0,220.0,0.0,633.64,0.0,0.0,4893.0,1.0
86,4944.0,22.155,22.957,1010.02234,1.1892,0.0,14.0,0.0,220.0,0.0,633.64,0.0,0.0,4944.0,1.0
87,4996.0,22.155,22.957,1010.0403,1.1892,0.0,14.0,0.0,220.0,0.0,633.64,0.0,0.0,4996.0,1.0
88,5046.0,22.166,22.965,1010.0089,1.1891,0.0,14.0,0.0,220.0,0.0,633.64,0.0,0.0,5046.0,1.0
89,5097.0,22.155,22.957,1009.96844,1.1891,0.0,14.0,0.0,220.0,0.0,633.64,0.0,0.0,5097.0,1.0
90,5148.0,22.155,22.957,1009.96844,1.1891,0.0,14.0,0.0,220.0,0.0,633.64,0.0,0.0,5148.0,1.0
91,5198.0,22.155,22.95,1009.97284,1.1891,0.0,14.0,0.0,220.0,0.0,633.64,0.0,0.0,5198.0,1.0
92,5250.0,22.155,22.957,1010.0089,1.1892,0.0,14.0,0.0,220.0,0.0,633.64,0.0,0.0,5250.0,1.0
93,5301.0,22.155,22.95,1010.0089,1.1892,0.0,14.0,0.0,220.0,0.0,633.64,0.0,0.0,5301.0,1.0
94,5352.0,22.166,22.957,1010.0268,1.1892,0.0,14.0,0.0,220.0,0.0,633.64,0.0,0.0,5352.0,1.0
95,5402.0,22.155,22.95,1010.04877,1.1892,0.0,14.0,0.0,220.0,0.0,633.64,0.0,0.0,5402.0,1.0
96,5453.0,22.155,22.942,1010.0042,1.1892,0.0,14.0,0.0,220.0,0.0,633.64,0.0,0.0,5453.0,1.0
97,5505.0,22.155,22.95,1010.0042,1.1892,0.0,14.0,0.0,220.0,0.0,633.64,0.0,0.0,5505.0,1.0
98,5555.0,22.155,22.95,1010.03107,1.1892,0.0,14.0,0.0,220.0,0.0,633.64,0.0,0.0,5555.0,1.0
99,5606.0,22.177,22.957,1010.0082,1.1891,0.0,14.0,0.0,220.0,0.0,633.64,0.0,0.0,5606.0,1.0
100,5657.0,22.155,22.95,1010.03107,1.1892,0.0,14.0,0.0,220.0,0.0,633.64,0.0,0.0,5657.0,1.0
101,5707.0,22.155,22.95,1010.03107,1.1892,0.0,14.0,0.0,220.0,0.0,633.64,0.0,0.0,5707.0,1.0
102,5758.0,22.155,22.957,1009.9772,1.1891,0.0,14.0,0.0,220.0,0.0,633.64,0.0,0.0,5758.0,1.0
103,5810.0,22.155,22.95,1009.99976,1.1892,0.0,14.0,0.0,220.0,0.0,633.64,0.0,0.0,5810.0,1.0
104,5860.0,22.155,22.95,1009.99976,1.1892,0.0,14.0,0.0,220.0,0.0,633.64,0.0,0.0,5860.0,1.0
105,5911.0,22.177,22.95,1009.99976,1.1891,0.0,14.0,0.0,220.0,0.0,633.64,0.0,0.0,5911.0,1.0
106,5962.0,22.166,22.942,1009.9947,1.1891,0.0,14.0,0.0,220.0,0.0,633.64,0.0,0.0,5962.0,1.0
107,6013.0,22.155,22.942,1010.0447,1.1892,0.0,14.0,0.0,220.0,0.0,633.64,0.0,0.0,6013.0,1.0
108,6064.0,22.155,22.942,1010.0447,1.1892,0.0,14.0,0.0,220.0,0.0,633.64,0.0,0.0,6064.0,1.0
109,6115.0,22.177,22.957,1009.98627,1.1891,0.0,14.0,0.0,220.0,0.0,633.64,0.0,0.0,6115.0,1.0
110,6166.0,22.177,22.942,1010.01263,1.1891,0.0,14.0,0.0,220.0,0.0,633.64,0.0,0.0,6166.0,1.0
111,6216.0,22.155,22.95,1009.9947,1.1892,0.0,14.0,0.0,220.0,0.0,633.64,0.0,0.0,6216.0,1.0
112,6267.0,22.166,22.965,1009.9947,1.1891,0.0,14.0,0.0,220.0,0.0,633.64,0.0,0.0,6267.0,1.0
113,6319.0,22.177,22.942,1009.9772,1.1891,0.0,14.0,0.0,220.0,0.0,633.64,0.0,0.0,6319.0,1.0
114,6369.0,22.177,22.934,1010.0082,1.1891,0.0,14.0,0.0,220.0,0.0,633.64,0.0,0.0,6369.0,1.0
115,6420.0,22.166,22.95,1009.9947,1.1891,0.0,14.0,0.0,220.0,0.0,633.64,0.0,0.0,6420.0,1.0
116,6471.0,22.177,22.95,1009.9947,1.1891,0.0,14.0,0.0,220.0,0.0,633.64,0.0,0.0,6471.0,1.0
117,6522.0,22.177,22.95,1010.0217,1.1891,0.0,14.0,0.0,220.0,0.0,633.64,0.0,0.0,6522.0,1.0
118,6573.0,22.166,22.942,1009.96765,1.1891,0.0,14.0,0.0,220.0,0.0,633.64,0.0,0.0,6573.0,1.0
119,6624.0,22.166,22.942,1009.96765,1.1891,0.0,14.0,0.0,220.0,0.0,633.64,0.0,0.0,6624.0,1.0
120,6675.0,22.177,22.95,1009.9772,1.1891,0.0,14.0,0.0,220.0,0.0,633.64,0.0,0.0,6675.0,1.0
121,6725.0,22.155,22.942,1009.9991,1.1892,0.0,14.0,0.0,220.0,0.0,633.64,0.0,0.0,6725.0,1.0
122,6776.0,22.155,22.942,1009.96765,1.1891,0.0,14.0,0.0,220.0,0.0,633.64,0.0,0.0,6776.0,1.0
123,6828.0,22.177,22.934,1009.96765,1.189,0.0,14.0,0.0,220.0,0.0,633.64,0.0,0.0,6828.0,1.0
124,6878.0,22.166,22.942,1009.9947,1.1891,0.0,14.0,0.0,220.0,0.0,633.64,0.0,0.0,6878.0,1.0
125,6929.0,22.166,22.942,1010.03046,1.1892,0.0,14.0,0.0,220.0,0.0,633.64,0.0,0.0,6929.0,1.0
126,6980.0,22.166,22.95,1010.0042,1.1891,0.0,14.0,0.0,220.0,0.0,633.64,0.0,0.0,6980.0,1.0
127,7031.0,22.177,22.942,1010.0042,1.1891,0.0,14.0,0.0,220.0,0.0,633.64,0.0,0.0,7031.0,1.0
128,7081.0,22.177,22.942,1009.98126,1.1891,0.0,14.0,0.0,220.0,0.0,633.64,0.0,0.0,7081.0,1.0
129,7133.0,22.177,22.942,1010.03046,1.1891,0.0,14.0,0.0,220.0,0.0,633.64,0.0,0.0,7133.0,1.0
130,7184.0,22.177,22.934,1009.9772,1.1891,0.0,14.0,0.0,220.0,0.0,633.64,0.0,0.0,7184.0,1.0
131,7234.0,22.166,22.95,1009.9772,1.1891,0.0,14.0,0.0,220.0,0.0,633.64,0.0,0.0,7234.0,1.0
132,7285.0,22.166,22.942,1009.9991,1.1891,0.0,14.0,0.0,220.0,0.0,633.64,0.0,0.0,7285.0,1.0
133,7336.0,22.166,22.95,1010.0034,1.1891,0.0,14.0,0.0,220.0,0.0,633.64,0.0,0.0,7336.0,1.0
134,7387.0,22.155,22.934,1010.0034,1.1892,0.0,14.0,0.0,220.0,0.0,633.64,0.0,0.0,7387.0,1.0
135,7438.0,22.177,22.942,1010.01263,1.1891,0.0,14.0,0.0,220.0,0.0,633.64,0.0,0.0,7438.0,1.0
136,7489.0,22.177,22.927,1010.03046,1.1891,0.0,14.0,0.0,220.0,0.0,633.64,0.0,0.0,7489.0,1.0
137,7540.0,22.155,22.934,1009.9856,1.1892,0.0,14.0,0.0,220.0,0.0,633.64,0.0,0.0,7540.0,1.0
138,7590.0,22.166,22.927,1009.9856,1.1891,0.0,14.0,0.0,220.0,0.0,633.64,0.0,0.0,7590.0,1.0
139,7642.0,22.166,22.942,1010.0082,1.1891,0.0,14.0,0.0,220.0,0.0,633.64,0.0,0.0,7642.0,1.0
140,7693.0,22.155,22.927,1009.9991,1.1892,0.0,14.0,0.0,220.0,0.0,633.64,0.0,0.0,7693.0,1.0
141,7743.0,22.166,22.934,1009.9991,1.1891,0.0,14.0,0.0,220.0,0.0,633.64,0.0,0.0,7743.0,1.0
142,7794.0,22.155,22.95,1009.9991,1.1892,0.0,14.0,0.0,220.0,0.0,633.64,0.0,0.0,7794.0,1.0
143,7845.0,22.166,22.942,1009.9586,1.1891,0.0,14.0,0.0,220.0,0.0,633.64,0.0,0.0,7845.0,1.0
144,7896.0,22.166,22.934,1010.0078,1.1891,0.0,14.0,0.0,220.0,0.0,633.64,0.0,0.0,7896.0,1.0
145,7947.0,22.166,22.934,1009.9586,1.1891,0.0,14.0,0.0,220.0,0.0,633.64,0.0,0.0,7947.0,1.0
146,7998.0,22.187,22.934,1009.9586,1.189,0.0,14.0,0.0,220.0,0.0,633.64,0.0,0.0,7998.0,1.0
147,8049.0,22.166,22.942,1010.0034,1.1891,0.0,14.0,0.0,220.0,0.0,633.64,0.0,0.0,8049.0,1.0
148,8099.0,22.166,22.934,1009.97205,1.1891,0.0,14.0,0.0,220.0,0.0,633.64,0.0,0.0,8099.0,1.0
149,8151.0,22.187,22.942,1009.97205,1.189,0.0,14.0,0.0,220.0,0.0,633.64,0.0,0.0,8151.0,1.0
150,8202.0,22.166,22.942,1010.03046,1.1892,0.0,14.0,0.0,220.0,0.0,633.64,0.0,0.0,8202.0,1.0
151,8252.0,22.166,22.927,1010.0034,1.1891,0.0,14.0,0.0,220.0,0.0,633.64,0.0,0.0,8252.0,1.0
152,8303.0,22.177,22.934,1010.044,1.1891,0.0,14.0,0.0,220.0,0.0,633.64,0.0,0.0,8303.0,1.0
153,8354.0,22.177,22.934,1010.044,1.1891,0.0,14.0,0.0,220.0,0.0,633.64,0.0,0.0,8354.0,1.0
154,8406.0,22.177,22.934,1009.9947,1.1891,0.0,14.0,0.0,220.0,0.0,633.64,0.0,0.0,8406.0,1.0
155,8456.0,22.166,22.934,1010.03485,1.1892,0.0,14.0,0.0,220.0,0.0,633.64,0.0,0.0,8456.0,1.0
156,8507.0,22.177,22.934,1010.044,1.1891,0.0,14.0,0.0,220.0,0.0,633.64,0.0,0.0,8507.0,1.0
157,8558.0,22.177,22.927,1010.044,1.1891,0.0,14.0,0.0,220.0,0.0,633.64,0.0,0.0,8558.0,1.0
158,8608.0,22.177,22.934,1009.99,1.1891,0.0,14.0,0.0,220.0,0.0,633.64,0.0,0.0,8608.0,1.0
159,8659.0,22.177,22.942,1010.0119,1.1891,0.0,14.0,0.0,220.0,0.0,633.64,0.0,0.0,8659.0,1.0
160,8711.0,22.177,22.934,1010.0531,1.1891,0.0,14.0,0.0,220.0,0.0,633.64,0.0,0.0,8711.0,1.0
161,8761.0,22.166,22.927,1010.0531,1.1892,0.0,14.0,0.0,220.0,0.0,633.64,0.0,0.0,8761.0,1.0
162,8812.0,22.155,22.919,1010.01263,1.1892,0.0,14.0,0.0,220.0,0.0,633.64,0.0,0.0,8812.0,1.0
163,8863.0,22.177,22.927,1010.0034,1.1891,0.0,14.0,0.0,220.0,0.0,633.64,0.0,0.0,8863.0,1.0
164,8913.0,22.187,22.934,1010.0034,1.189,0.0,14.0,0.0,220.0,0.0,633.64,0.0,0.0,8913.0,1.0
165,8965.0,22.177,22.927,1010.03046,1.1891,0.0,14.0,0.0,220.0,0.0,633.64,0.0,0.0,8965.0,1.0
166,9016.0,22.177,22.927,1010.04834,1.1891,0.0,14.0,0.0,220.0,0.0,633.64,0.0,0.0,9016.0,1.0
167,9067.0,22.177,22.934,1009.9849,1.1891,0.0,14.0,0.0,220.0,0.0,633.64,0.0,0.0,9067.0,1.0
168,9117.0,22.187,22.934,1009.9849,1.189,0.0,14.0,0.0,220.0,0.0,633.64,0.0,0.0,9117.0,1.0
169,9168.0,22.177,22.927,1010.03485,1.1891,0.0,14.0,0.0,220.0,0.0,633.64,0.0,0.0,9168.0,1.0
170,9220.0,22.198,22.934,1010.0747,1.1891,0.0,14.0,0.0,220.0,0.0,633.64,0.0,0.0,9220.0,1.0
171,9270.0,22.187,22.927,1010.05237,1.1891,0.0,14.0,0.0,220.0,0.0,633.64,0.0,0.0,9270.0,1.0
172,9321.0,22.177,22.934,1010.05237,1.1891,0.0,14.0,0.0,220.0,0.0,633.64,0.0,0.0,9321.0,1.0
173,9372.0,22.177,22.942,1010.0119,1.1891,0.0,14.0,0.0,220.0,0.0,633.64,0.0,0.0,9372.0,1.0
174,9422.0,22.177,22.919,1010.03485,1.1891,0.0,14.0,0.0,220.0,0.0,633.64,0.0,0.0,9422.0,1.0
175,9474.0,22.177,22.927,1010.044,1.1891,0.0,14.0,0.0,220.0,0.0,633.64,0.0,0.0,9474.0,1.0
176,9525.0,22.187,22.942,1010.044,1.1891,0.0,14.0,0.0,220.0,0.0,633.64,1.0,0.0,9525.0,1.0
177,9576.0,22.177,22.942,1010.0254,1.1891,0.0,14.0,0.0,220.0,0.0,633.64,1.0,0.0,9576.0,1.0
178,9626.0,22.177,22.934,1010.0119,1.1891,0.0,14.0,0.0,220.0,0.0,633.64,1.0,0.0,9626.0,1.0
179,9677.0,22.166,22.919,1010.0119,1.1891,0.0,14.0,0.0,220.0,0.0,633.64,1.0,0.0,9677.0,1.0
180,9729.0,22.177,22.934,1009.98083,1.1891,0.0,14.0,0.0,220.0,0.0,633.64,1.0,0.0,9729.0,1.0
181,9779.0,22.177,22.934,1009.96735,1.189,0.0,14.0,0.0,220.0,0.0,633.64,1.0,0.0,9779.0,1.0
182,9830.0,22.166,22.919,1010.0709,1.1892,0.0,14.0,0.0,220.0,0.0,633.64,1.0,0.0,9830.0,1.0
183,9881.0,22.166,22.919,1010.0709,1.1892,0.0,14.0,0.0,220.0,0.0,633.64,1.0,0.0,9881.0,1.0
184,9931.0,22.177,22.934,1010.0389,1.1891,0.0,14.0,0.0,220.0,0.0,633.64,1.0,0.0,9931.0,1.0
185,9982.0,22.177,22.934,1010.05237,1.1891,0.0,14.0,0.0,220.0,0.0,633.64,1.0,0.0,9982.0,1.0
186,10034.0,22.177,22.927,1010.04834,1.1891,0.0,14.0,0.0,220.0,0.0,633.64,1.0,0.0,10034.0,1.0
187,10085.0,22.166,22.934,1010.04834,1.1892,0.0,14.0,0.0,220.0,0.0,633.64,1.0,0.0,10085.0,1.0
188,10135.0,22.155,22.942,1010.0119,1.1892,0.0,14.0,0.0,220.0,0.0,633.64,1.0,0.0,10135.0,1.0
189,10186.0,22.187,22.934,1010.03485,1.1891,0.0,14.0,0.0,220.0,0.0,633.64,1.0,0.0,10186.0,1.0
190,10237.0,22.166,22.927,1009.99,1.1891,0.0,14.0,0.0,220.0,0.0,633.64,1.0,0.0,10237.0,1.0
191,10289.0,22.177,22.934,1009.99,1.1891,0.0,14.0,0.0,220.0,0.0,633.64,1.0,0.0,10289.0,1.0
192,10339.0,22.187,22.942,1010.01697,1.1891,0.0,14.0,0.0,220.0,0.0,633.64,1.0,0.0,10339.0,1.0
193,10390.0,22.166,22.927,1010.01697,1.1892,0.0,14.0,0.0,220.0,0.0,633.64,1.0,0.0,10390.0,1.0
194,10441.0,22.187,22.927,1010.01697,1.1891,0.0,14.0,0.0,220.0,0.0,633.64,1.0,0.0,10441.0,1.0
195,10492.0,22.155,22.934,1010.04834,1.1892,0.0,14.0,0.0,220.0,0.0,633.64,1.0,0.0,10492.0,1.0
196,10543.0,22.177,22.927,1009.9849,1.1891,0.0,14.0,0.0,220.0,0.0,633.64,1.0,0.0,10543.0,1.0
197,10594.0,22.177,22.934,1010.0389,1.1891,0.0,14.0,0.0,220.0,0.0,633.64,1.0,0.0,10594.0,1.0
198,10645.0,22.177,22.927,1010.0389,1.1891,0.0,14.0,0.0,220.0,0.0,633.64,1.0,0.0,10645.0,1.0
199,10696.0,22.187,22.919,1010.0389,1.1891,0.0,14.0,0.0,220.0,0.0,633.64,1.0,0.0,10696.0,1.0
200,10746.0,22.177,22.919,1009.9984,1.1891,0.0,14.0,0.0,220.0,0.0,633.64,1.0,0.0,10746.0,1.0
201,10798.0,22.177,22.927,1010.0254,1.1891,0.0,14.0,0.0,220.0,0.0,633.64,1.0,0.0,10798.0,1.0
202,10849.0,22.177,22.919,1010.0254,1.1891,0.0,14.0,0.0,220.0,0.0,633.64,1.0,0.0,10849.0,1.0
203,10900.0,22.198,22.927,1010.0119,1.189,0.0,14.0,0.0,220.0,0.0,633.64,1.0,0.0,10900.0,1.0
204,10950.0,22.177,22.919,1009.9984,1.1891,0.0,14.0,0.0,220.0,0.0,633.64,1.0,0.0,10950.0,1.0
205,11001.0,22.187,22.927,1010.0389,1.1891,0.0,14.0,0.0,220.0,0.0,633.64,1.0,0.0,11001.0,1.0
206,11053.0,22.187,22.912,1010.0389,1.1891,0.0,14.0,0.0,220.0,0.0,633.64,1.0,0.0,11053.0,1.0
207,11104.0,22.177,22.927,1010.04767,1.1891,0.0,14.0,0.0,220.0,0.0,633.64,1.0,0.0,11104.0,1.0
208,11154.0,22.177,22.927,1010.01624,1.1891,0.0,14.0,0.0,220.0,0.0,633.64,1.0,0.0,11154.0,1.0
209,11205.0,22.187,22.919,1010.01624,1.1891,0.0,14.0,0.0,220.0,0.0,633.64,1.0,0.0,11205.0,1.0
210,11256.0,22.166,22.927,1010.05237,1.1892,0.0,14.0,0.0,220.0,0.0,633.64,1.0,0.0,11256.0,1.0
211,11308.0,22.187,22.919,1010.01624,1.1891,0.0,14.0,0.0,220.0,0.0,633.64,1.0,0.0,11308.0,1.0
212,11358.0,22.177,22.919,1010.08374,1.1892,0.0,14.0,0.0,220.0,0.0,633.64,1.0,0.0,11358.0,1.0
213,11409.0,22.177,22.927,1010.08374,1.1892,0.0,14.0,0.0,220.0,0.0,633.64,1.0,0.0,11409.0,1.0
214,11460.0,22.187,22.927,1010.0072,1.1891,0.0,14.0,0.0,220.0,0.0,633.64,1.0,0.0,11460.0,1.0
215,11511.0,22.187,22.919,1010.0389,1.1891,0.0,14.0,0.0,220.0,0.0,633.64,1.0,0.0,11511.0,1.0
216,11561.0,22.177,22.912,1010.03424,1.1891,0.0,14.0,0.0,220.0,0.0,633.64,1.0,0.0,11561.0,1.0
217,11613.0,22.198,22.927,1010.03424,1.189,0.0,14.0,0.0,220.0,0.0,633.64,1.0,0.0,11613.0,1.0
218,11664.0,22.187,22.912,1010.0298,1.1891,0.375,14.0,0.794,220.0,0.0,588.47,1.0,0.0,11664.0,1.0
219,11715.0,22.198,22.919,1010.01154,1.189,0.375,14.0,0.794,220.0,0.0,588.47,1.0,0.0,11715.0,1.0
220,11766.0,22.187,22.912,1009.9892,1.189,0.375,14.0,0.794,220.0,0.0,588.47,1.0,0.0,11766.0,1.0
221,11817.0,22.177,22.919,1009.9892,1.1891,0.75,14.0,1.123,220.0,0.0,569.76,1.0,0.0,11817.0,1.0
222,11868.0,22.187,22.919,1010.0206,1.1891,0.75,14.0,1.123,220.0,0.0,569.76,1.0,0.0,11868.0,1.0
223,11919.0,22.187,22.934,1010.0568,1.1891,0.75,14.0,1.123,220.0,0.0,569.76,1.0,0.0,11919.0,1.0
224,11970.0,22.177,22.934,1010.0568,1.1892,0.75,14.0,1.123,220.0,0.0,569.76,1.0,0.0,11970.0,1.0
225,12021.0,22.177,22.927,1010.0298,1.1891,1.75,14.0,1.716,220.0,0.0,536.05,1.0,0.0,12021.0,1.0
226,12072.0,22.177,22.904,1010.0072,1.1891,1.75,14.0,1.716,220.0,0.0,536.05,1.0,0.0,12072.0,1.0
227,12124.0,22.187,22.919,1010.0119,1.1891,1.875,14.0,1.776,220.0,0.0,532.63,1.0,0.0,12124.0,1.0
228,12175.0,22.198,22.927,1010.0119,1.189,1.875,14.0,1.776,220.0,0.0,532.62,1.0,0.0,12175.0,1.0
229,12226.0,22.187,22.919,1010.03424,1.1891,2.375,14.0,1.999,220.0,0.0,519.96,1.0,0.0,12226.0,1.0
230,12277.0,22.177,22.927,1010.0611,1.1892,2.375,14.0,1.999,220.0,0.0,519.96,1.0,0.0,12277.0,1.0
231,12328.0,22.177,22.919,1010.0028,1.1891,3.375,14.0,2.383,220.0,0.0,498.12,1.0,0.0,12328.0,1.0
232,12380.0,22.177,22.919,1010.0028,1.1891,3.375,14.0,2.383,220.0,0.0,498.12,1.0,0.0,12380.0,1.0
233,12431.0,22.198,22.904,1010.04767,1.1891,3.5,14.0,2.426,220.0,0.0,495.63,1.0,0.0,12431.0,1.0
234,12481.0,22.177,22.927,1010.0385,1.1891,3.5,14.0,2.426,220.0,0.0,495.63,1.0,0.0,12481.0,1.0
235,12532.0,22.187,22.912,1010.0206,1.1891,3.875,14.0,2.553,220.0,0.0,488.43,1.0,0.0,12532.0,1.0
236,12583.0,22.177,22.927,1010.0206,1.1891,3.875,14.0,2.553,220.0,0.0,488.43,1.0,0.0,12583.0,1.0
237,12635.0,22.166,22.919,1010.0251,1.1892,4.25,14.0,2.674,220.0,0.0,481.57,1.0,0.0,12635.0,1.0
238,12686.0,22.198,22.919,1010.0831,1.1891,4.25,14.0,2.674,220.0,0.0,481.57,1.0,0.0,12686.0,1.0
239,12737.0,22.198,22.919,1010.0561,1.1891,4.375,14.0,2.713,220.0,0.0,479.34,1.0,0.0,12737.0,1.0
240,12788.0,22.187,22.919,1010.0561,1.1891,4.375,14.0,2.713,220.0,0.0,479.34,1.0,0.0,12788.0,1.0
241,12839.0,22.177,22.927,1010.06555,1.1892,4.625,14.0,2.789,220.0,0.0,475.0,1.0,0.0,12839.0,1.0
242,12891.0,22.177,22.904,1010.0831,1.1892,4.625,14.0,2.789,220.0,0.0,475.0,1.0,0.0,12891.0,1.0
243,12942.0,22.177,22.904,1010.0831,1.1892,5.625,14.0,3.076,220.0,0.0,458.69,1.0,0.0,12942.0,1.0
244,12993.0,22.187,22.927,1010.03424,1.1891,5.625,14.0,3.076,220.0,0.0,458.69,1.0,0.0,12993.0,1.0
245,13044.0,22.198,22.919,1010.0156,1.189,6.125,14.0,3.21,220.0,0.0,451.07,1.0,0.0,13044.0,1.0
246,13095.0,22.177,22.927,1010.0385,1.1891,6.125,14.0,3.21,220.0,0.0,451.08,1.0,0.0,13095.0,1.0
247,13147.0,22.177,22.927,1010.0385,1.1891,6.25,14.0,3.242,220.0,0.0,449.22,1.0,0.0,13147.0,1.0
248,13198.0,22.177,22.919,1009.98016,1.1891,6.25,14.0,3.242,220.0,0.0,449.22,1.0,0.0,13198.0,1.0
249,13249.0,22.198,22.919,1010.07904,1.1891,6.375,14.0,3.275,220.0,0.0,447.39,1.0,0.0,13249.0,1.0
250,13301.0,22.177,22.912,1009.9892,1.1891,6.375,14.0,3.275,220.0,0.0,447.39,1.0,0.0,13301.0,1.0
251,13352.0,22.198,22.927,1009.9892,1.189,6.75,14.0,3.37,220.0,0.0,441.98,1.0,0.0,13352.0,1.0
252,13404.0,22.177,22.919,1010.04767,1.1891,6.75,14.0,3.369,220.0,0.0,441.99,1.0,0.0,13404.0,1.0
253,13455.0,22.177,22.919,1010.04767,1.1891,7.875,14.0,3.639,220.0,0.0,426.63,1.0,0.0,13455.0,1.0
254,13506.0,22.177,22.927,1010.0298,1.1891,7.875,14.0,3.639,220.0,0.0,426.63,1.0,0.0,13506.0,1.0
255,13557.0,22.187,22.942,1010.0298,1.1891,8.625,14.0,3.809,220.0,0.0,417.0,1.0,0.0,13557.0,1.0
256,13608.0,22.187,22.934,1009.98456,1.189,8.625,14.0,3.809,220.0,0.0,416.99,1.0,0.0,13608.0,1.0
257,13660.0,22.177,22.927,1010.06555,1.1892,9.625,14.0,4.023,220.0,0.0,404.79,1.0,0.0,13660.0,1.0
258,13711.0,22.177,22.927,1010.03424,1.1891,10.875,14.0,4.277,220.0,0.0,390.38,1.0,0.0,13711.0,1.0
259,13762.0,22.177,22.934,1010.03424,1.1891,11.0,14.0,4.301,220.0,0.0,388.98,1.0,0.0,13762.0,1.0
260,13813.0,22.187,22.927,1010.01154,1.1891,11.25,14.0,4.35,220.0,0.0,386.21,1.0,0.0,13813.0,1.0
261,13864.0,22.177,22.927,1009.99805,1.1891,11.25,14.0,4.35,220.0,0.0,386.22,1.0,0.0,13864.0,1.0
262,13916.0,22.166,22.934,1010.06555,1.1892,11.375,14.0,4.374,220.0,0.0,384.86,1.0,0.0,13916.0,1.0
263,13968.0,22.187,22.934,1010.06555,1.1891,11.875,14.0,4.469,220.0,0.0,379.44,1.0,0.0,13968.0,1.0
264,14019.0,22.187,22.927,1010.06555,1.1891,12.625,11.14,4.608,220.0,1.0,371.53,1.0,0.0,14019.0,1.0
265,14070.0,22.187,22.942,1010.0206,1.1891,12.75,6.0,4.631,220.0,1.0,77.87,1.0,0.0,14070.0,1.0
266,14121.0,22.187,22.919,1010.0206,1.1891,13.0,6.0,4.676,219.0,1.0,75.3,1.0,0.0,14121.0,1.0
267,14173.0,22.177,22.927,1010.06555,1.1892,13.125,6.0,4.698,220.0,1.0,74.04,1.0,0.0,14173.0,1.0
268,14224.0,22.177,22.919,1010.0605,1.1892,13.125,6.0,4.698,222.0,1.0,74.04,1.0,0.0,14224.0,1.0
269,14275.0,22.177,22.927,1010.0385,1.1891,13.25,6.0,4.721,222.0,1.0,72.76,1.0,0.0,14275.0,1.0
270,14326.0,22.166,22.927,1010.0385,1.1892,13.375,6.0,4.743,223.0,1.0,71.51,1.0,0.0,14326.0,1.0
271,14377.0,22.177,22.934,1010.02905,1.1891,13.5,6.0,4.765,224.0,1.0,70.24,1.0,0.0,14377.0,1.0
272,14429.0,22.177,22.919,1010.03345,1.1891,13.5,6.0,4.765,225.0,1.0,70.24,1.0,0.0,14429.0,1.0
273,14480.0,22.177,22.927,1010.0251,1.1891,13.5,6.0,4.765,227.0,1.0,70.24,1.0,0.0,14480.0,1.0
274,14531.0,22.187,22.934,1010.0251,1.1891,13.625,6.0,4.787,227.0,1.0,68.98,1.0,0.0,14531.0,1.0
275,14582.0,22.177,22.927,1010.02905,1.1891,13.75,6.0,4.809,228.0,1.0,67.74,1.0,0.0,14582.0,1.0
276,14633.0,22.187,22.927,1010.0251,1.1891,13.875,6.0,4.831,229.0,1.0,66.5,1.0,0.0,14633.0,1.0
277,14685.0,22.198,22.927,1009.99365,1.189,13.875,6.0,4.831,230.0,1.0,66.49,1.0,0.0,14685.0,1.0
278,14736.0,22.177,22.927,1009.99365,1.1891,14.0,6.0,4.853,231.0,1.0,65.26,1.0,0.0,14736.0,1.0
279,14787.0,22.177,22.934,1010.0426,1.1891,14.0,6.0,4.853,232.0,1.0,65.27,1.0,0.0,14787.0,1.0
280,14838.0,22.187,22.919,1010.0739,1.1891,14.125,6.0,4.874,233.0,1.0,64.04,1.0,0.0,14838.0,1.0
281,14889.0,22.177,22.934,1010.0925,1.1892,14.125,6.0,4.874,234.0,1.0,64.05,1.0,0.0,14889.0,1.0
282,14941.0,22.198,22.919,1010.0925,1.1891,14.125,6.0,4.874,235.0,1.0,64.04,1.0,0.0,14941.0,1.0
283,14992.0,22.198,22.919,1010.0561,1.1891,14.125,6.0,4.874,237.0,1.0,64.03,1.0,0.0,14992.0,1.0
284,15043.0,22.177,22.934,1010.0426,1.1891,14.125,6.0,4.874,238.0,1.0,64.04,1.0,0.0,15043.0,1.0
285,15094.0,22.177,22.934,1010.0426,1.1891,14.25,6.0,4.896,239.0,1.0,62.82,1.0,0.0,15094.0,1.0
286,15145.0,22.177,22.927,1010.06555,1.1892,14.375,6.0,4.917,239.0,1.0,61.6,1.0,0.0,15145.0,1.0
287,15197.0,22.187,22.927,1010.0156,1.1891,14.5,6.0,4.939,240.0,1.0,60.38,1.0,0.0,15197.0,1.0
288,15248.0,22.187,22.934,1010.002,1.189,14.5,6.0,4.939,241.0,1.0,60.37,1.0,0.0,15248.0,1.0
289,15299.0,22.187,22.927,1010.002,1.189,14.5,6.0,4.939,242.0,1.0,60.37,1.0,0.0,15299.0,1.0
290,15350.0,22.187,22.927,1010.0065,1.1891,14.5,6.0,4.939,244.0,1.0,60.37,1.0,0.0,15350.0,1.0
291,15401.0,22.187,22.919,1010.07837,1.1891,14.5,6.0,4.938,245.0,1.0,60.38,1.0,0.0,15401.0,1.0
292,15453.0,22.187,22.934,1010.04694,1.1891,14.5,6.0,4.938,246.0,1.0,60.38,1.0,0.0,15453.0,1.0
293,15504.0,22.177,22.927,1010.04694,1.1891,14.5,6.0,4.938,247.0,1.0,60.39,1.0,0.0,15504.0,1.0
294,15555.0,22.177,22.927,1010.0695,1.1892,14.5,6.0,4.938,249.0,1.0,60.39,1.0,0.0,15555.0,1.0
295,15606.0,22.177,22.934,1010.0065,1.1891,14.625,6.0,4.96,249.0,1.0,59.17,1.0,0.0,15606.0,1.0
296,15657.0,22.177,22.919,1010.0206,1.1891,14.625,6.0,4.96,251.0,1.0,59.17,1.0,0.0,15657.0,1.0
297,15710.0,22.187,22.927,1010.0206,1.1891,14.625,6.0,4.96,252.0,1.0,59.17,1.0,0.0,15710.0,1.0
298,15761.0,22.187,22.934,1010.03424,1.1891,14.625,6.0,4.96,253.0,1.0,59.17,1.0,0.0,15761.0,1.0
299,15812.0,22.177,22.95,1009.993,1.1891,14.625,6.0,4.96,254.0,1.0,59.17,1.0,0.0,15812.0,1.0
300,15863.0,22.198,22.934,1010.0065,1.189,14.625,6.0,4.96,256.0,1.0,59.16,1.0,0.0,15863.0,1.0
301,15915.0,22.198,22.912,1010.0065,1.189,14.625,6.0,4.96,257.0,1.0,59.16,1.0,0.0,15915.0,1.0
302,15966.0,22.187,22.934,1010.03784,1.1891,14.625,6.0,4.96,258.0,1.0,59.17,1.0,0.0,15966.0,1.0
303,16017.0,22.177,22.919,1010.0156,1.1891,14.75,6.0,4.981,259.0,1.0,57.97,1.0,0.0,16017.0,1.0
304,16068.0,22.187,22.927,1010.0156,1.1891,14.875,6.0,5.002,259.0,1.0,56.77,1.0,0.0,16068.0,1.0
305,16119.0,22.198,22.927,1010.0156,1.189,14.875,6.0,5.002,260.0,1.0,56.76,1.0,0.0,16119.0,1.0
306,16171.0,22.187,22.927,1010.0605,1.1891,14.875,6.0,5.002,261.0,1.0,56.77,1.0,0.0,16171.0,1.0
307,16222.0,22.209,22.934,1010.06555,1.189,14.875,6.0,5.002,263.0,1.0,56.76,1.0,0.0,16222.0,1.0
308,16273.0,22.198,22.942,1010.06555,1.1891,15.0,6.0,5.023,263.0,1.0,55.58,1.0,0.0,16273.0,1.0
309,16324.0,22.187,22.934,1010.0156,1.1891,15.0,6.0,5.023,264.0,1.0,55.57,1.0,0.0,16324.0,1.0
310,16375.0,22.187,22.919,1010.01154,1.1891,15.125,6.0,5.044,265.0,1.0,54.39,1.0,0.0,16375.0,1.0
311,16427.0,22.177,22.927,1010.02905,1.1891,15.25,6.0,5.065,265.0,1.0,53.21,1.0,0.0,16427.0,1.0
312,16478.0,22.187,22.934,1010.02905,1.1891,15.375,6.0,5.085,265.0,1.0,52.03,1.0,0.0,16478.0,1.0
313,16529.0,22.198,22.942,1010.03345,1.189,15.625,6.0,5.127,265.0,1.0,49.68,1.0,0.0,16529.0,1.0
314,16580.0,22.177,22.934,1010.05133,1.1891,15.625,6.0,5.126,266.0,1.0,49.69,1.0,0.0,16580.0,1.0
315,16631.0,22.177,22.942,1010.02,1.1891,15.75,6.0,5.147,266.0,1.0,48.52,1.0,0.0,16631.0,1.0
316,16683.0,22.177,22.927,1010.02,1.1891,16.0,6.0,5.188,266.0,1.0,46.21,1.0,0.0,16683.0,1.0
317,16734.0,22.177,22.934,1010.0251,1.1891,16.125,6.0,5.208,266.0,1.0,45.06,1.0,0.0,16734.0,1.0
318,16785.0,22.177,22.942,1010.04694,1.1891,16.125,6.0,5.208,267.0,1.0,45.06,1.0,0.0,16785.0,1.0
319,16836.0,22.187,22.934,1010.0739,1.1891,16.25,6.0,5.228,267.0,1.0,43.92,1.0,0.0,16836.0,1.0
320,16887.0,22.177,22.927,1010.0739,1.1892,16.25,6.0,5.228,268.0,1.0,43.92,1.0,0.0,16887.0,1.0
321,16939.0,22.198,22.942,1010.03345,1.189,16.375,6.0,5.248,268.0,1.0,42.76,1.0,0.0,16939.0,1.0
322,16990.0,22.177,22.934,1010.0739,1.1892,16.5,6.0,5.268,268.0,1.0,41.64,1.0,0.0,16990.0,1.0
323,17041.0,22.187,22.927,1010.0739,1.1891,16.75,6.0,5.308,267.0,1.0,39.38,1.0,0.0,17041.0,1.0
324,17092.0,22.187,22.927,1010.03345,1.1891,17.0,6.0,5.347,267.0,1.0,37.12,1.0,0.0,17092.0,1.0
325,17143.0,22.187,22.934,1010.01526,1.1891,17.125,6.0,5.367,267.0,1.0,36.01,1.0,0.0,17143.0,1.0
326,17195.0,22.187,22.927,1010.0648,1.1891,17.375,6.0,5.406,266.0,1.0,33.79,1.0,0.0,17195.0,1.0
327,17246.0,22.187,22.927,1010.0648,1.1891,17.625,6.0,5.445,265.0,1.0,31.59,1.0,0.0,17246.0,1.0
328,17297.0,22.177,22.927,1010.0695,1.1892,18.125,6.0,5.521,263.0,1.0,27.23,1.0,0.0,17297.0,1.0
329,17348.0,22.198,22.934,1010.02875,1.189,18.125,6.0,5.522,264.0,1.0,27.22,1.0,0.0,17348.0,1.0
330,17399.0,22.187,22.934,1010.0648,1.1891,18.25,6.0,5.54,263.0,1.0,26.15,1.0,0.0,17399.0,1.0
331,17451.0,22.209,22.934,1010.0648,1.189,18.375,6.0,5.559,263.0,1.0,25.06,1.0,0.0,17451.0,1.0
332,17502.0,22.198,22.927,1010.03345,1.189,18.375,6.0,5.559,264.0,1.0,25.06,1.0,0.0,17502.0,1.0
333,17553.0,22.177,22.934,1010.03784,1.1891,18.375,6.0,5.559,264.0,1.0,25.07,1.0,0.0,17553.0,1.0
334,17604.0,22.198,22.934,1009.993,1.189,18.375,6.0,5.56,265.0,1.0,25.05,1.0,0.0,17604.0,1.0
335,17655.0,22.209,22.927,1009.993,1.1889,18.375,6.0,5.56,265.0,1.0,25.05,1.0,0.0,17655.0,1.0
336,17707.0,22.177,22.934,1010.0561,1.1892,18.5,6.0,5.578,265.0,1.0,24.0,1.0,0.0,17707.0,1.0
337,17758.0,22.198,22.927,1010.0739,1.1891,18.625,6.0,5.597,265.0,1.0,22.92,1.0,0.0,17758.0,1.0
338,17809.0,22.177,22.919,1010.0648,1.1892,18.75,6.0,5.616,265.0,1.0,21.86,1.0,0.0,17809.0,1.0
339,17860.0,22.187,22.934,1010.0648,1.1891,18.75,6.0,5.616,265.0,1.0,21.86,1.0,0.0,17860.0,1.0
340,17911.0,22.209,22.919,1010.0065,1.189,18.75,6.0,5.616,266.0,1.0,21.84,1.0,0.0,17911.0,1.0
341,17963.0,22.187,22.927,1010.0017,1.189,18.75,6.0,5.616,266.0,1.0,21.85,1.0,0.0,17963.0,1.0
342,18014.0,22.209,22.934,1010.02435,1.189,19.0,6.0,5.653,265.0,1.0,19.72,1.0,0.0,18014.0,1.0
343,18065.0,22.22,22.942,1010.02435,1.1889,19.0,6.0,5.653,266.0,1.0,19.71,1.0,0.0,18065.0,1.0
344,18116.0,22.187,22.934,1010.0648,1.1891,19.0,6.0,5.653,266.0,1.0,19.74,1.0,0.0,18116.0,1.0
345,18167.0,22.187,22.919,1010.07837,1.1891,19.0,6.0,5.653,266.0,1.0,19.74,1.0,0.0,18167.0,1.0
346,18219.0,22.198,22.942,1010.07837,1.1891,19.0,6.0,5.653,267.0,1.0,19.73,1.0,0.0,18219.0,1.0
347,18270.0,22.177,22.927,1010.02905,1.1891,19.0,6.0,5.653,267.0,1.0,19.74,1.0,0.0,18270.0,1.0
348,18321.0,22.187,22.942,1010.0422,1.1891,19.0,6.0,5.653,268.0,1.0,19.73,1.0,0.0,18321.0,1.0
349,18372.0,22.209,22.927,1010.03345,1.189,19.0,6.0,5.653,268.0,1.0,19.72,1.0,0.0,18372.0,1.0
350,18423.0,22.177,22.919,1010.03345,1.1891,19.0,6.0,5.653,269.0,1.0,19.74,1.0,0.0,18423.0,1.0
351,18475.0,22.187,22.95,1010.03784,1.1891,19.0,6.0,5.653,269.0,1.0,19.73,1.0,0.0,18475.0,1.0
352,18527.0,22.198,22.927,1010.01526,1.189,19.0,6.0,5.653,269.0,1.0,19.72,1.0,0.0,18527.0,1.0
353,18578.0,22.198,22.934,1009.9839,1.189,19.0,6.0,5.653,270.0,1.0,19.72,1.0,0.0,18578.0,1.0
354,18629.0,22.198,22.942,1009.9839,1.189,19.0,6.0,5.653,270.0,1.0,19.72,1.0,0.0,18629.0,1.0
355,18680.0,22.187,22.927,1010.03345,1.1891,19.0,6.0,5.653,271.0,1.0,19.73,1.0,0.0,18680.0,1.0
356,18732.0,22.187,22.927,1010.0605,1.1891,19.125,6.0,5.672,270.0,1.0,18.68,1.0,0.0,18732.0,1.0
357,18783.0,22.198,22.942,1010.07837,1.1891,19.125,6.0,5.672,271.0,1.0,18.68,1.0,0.0,18783.0,1.0
358,18834.0,22.187,22.942,1010.07837,1.1891,19.25,6.0,5.69,270.0,1.0,17.63,1.0,0.0,18834.0,1.0
359,18885.0,22.177,22.934,1010.0558,1.1892,19.25,6.0,5.69,271.0,1.0,17.63,1.0,0.0,18885.0,1.0
360,18936.0,22.198,22.934,1010.09186,1.1891,19.25,6.0,5.69,271.0,1.0,17.63,1.0,0.0,18936.0,1.0
361,18988.0,22.198,22.942,1010.0605,1.1891,19.25,6.0,5.69,272.0,1.0,17.62,1.0,0.0,18988.0,1.0
362,19039.0,22.198,22.927,1010.0605,1.1891,19.25,6.0,5.69,272.0,1.0,17.62,1.0,0.0,19039.0,1.0
363,19090.0,22.198,22.934,1010.03784,1.189,19.25,6.0,5.69,272.0,1.0,17.62,1.0,0.0,19090.0,1.0
364,19141.0,22.187,22.942,1010.0108,1.1891,19.25,6.0,5.69,273.0,1.0,17.62,1.0,0.0,19141.0,1.0
365,19192.0,22.198,22.927,1010.0108,1.189,19.25,6.0,5.69,273.0,1.0,17.61,1.0,0.0,19192.0,1.0
366,19244.0,22.209,22.95,1010.0422,1.189,19.25,6.0,5.69,273.0,1.0,17.61,1.0,0.0,19244.0,1.0
367,19295.0,22.187,22.942,1010.0648,1.1891,19.25,6.0,5.69,274.0,1.0,17.63,1.0,0.0,19295.0,1.0
368,19346.0,22.209,22.942,1010.08276,1.189,19.25,6.0,5.69,274.0,1.0,17.62,1.0,0.0,19346.0,1.0
369,19397.0,22.198,22.934,1010.08276,1.1891,19.25,6.0,5.69,275.0,1.0,17.62,1.0,0.0,19397.0,1.0
370,19448.0,22.187,22.942,1010.05975,1.1891,19.25,6.0,5.69,275.0,1.0,17.63,1.0,0.0,19448.0,1.0
371,19500.0,22.209,22.942,1010.03784,1.189,19.25,6.0,5.69,275.0,1.0,17.61,1.0,0.0,19500.0,1.0
372,19551.0,22.187,22.927,1010.09656,1.1892,19.25,6.0,5.69,276.0,1.0,17.63,1.0,0.0,19551.0,1.0
373,19602.0,22.177,22.95,1010.09656,1.1892,19.25,6.0,5.69,276.0,1.0,17.64,1.0,0.0,19602.0,1.0
374,19653.0,22.209,22.942,1010.09186,1.1891,19.25,6.0,5.69,276.0,1.0,17.62,1.0,0.0,19653.0,1.0
375,19704.0,22.187,22.934,1010.03784,1.1891,19.5,6.0,5.727,275.0,1.0,15.53,1.0,0.0,19704.0,1.0
376,19756.0,22.187,22.934,1010.05133,1.1891,19.5,6.0,5.727,276.0,1.0,15.53,1.0,0.0,19756.0,1.0
377,19807.0,22.198,22.934,1010.05133,1.1891,19.25,6.0,5.69,278.0,1.0,17.62,1.0,0.0,19807.0,1.0
378,19858.0,22.187,22.942,1010.0831,1.1891,19.5,6.0,5.727,276.0,1.0,15.54,1.0,0.0,19858.0,1.0
379,19909.0,22.177,22.934,1010.0605,1.1892,19.5,6.0,5.727,277.0,1.0,15.54,1.0,0.0,19909.0,1.0
380,19960.0,22.177,22.934,1010.0385,1.1891,19.5,6.0,5.727,277.0,1.0,15.54,1.0,0.0,19960.0,1.0
381,20012.0,22.187,22.942,1010.0385,1.1891,19.25,6.0,5.69,279.0,1.0,17.62,1.0,0.0,20012.0,1.0
382,20063.0,22.177,22.942,1010.0156,1.1891,19.25,6.0,5.69,279.0,1.0,17.63,1.0,0.0,20063.0,1.0
383,20114.0,22.177,22.934,1010.0605,1.1892,19.25,6.0,5.69,280.0,1.0,17.63,1.0,0.0,20114.0,1.0
384,20165.0,22.187,22.934,1010.0605,1.1891,19.5,6.0,5.727,279.0,1.0,15.53,1.0,0.0,20165.0,1.0
385,20216.0,22.209,22.95,1009.98456,1.1889,19.25,6.0,5.691,280.0,1.0,17.6,1.0,0.0,20216.0,1.0
386,20268.0,22.166,22.934,1010.02,1.1892,19.25,6.0,5.69,281.0,1.0,17.63,1.0,0.0,20268.0,1.0
387,20319.0,22.187,22.934,1010.0695,1.1891,19.25,6.0,5.69,281.0,1.0,17.63,1.0,0.0,20319.0,1.0
388,20370.0,22.177,22.95,1010.0695,1.1892,19.5,6.0,5.727,280.0,1.0,15.54,1.0,0.0,20370.0,1.0
389,20421.0,22.187,22.934,1010.0611,1.1891,19.5,6.0,5.727,280.0,1.0,15.53,1.0,0.0,20421.0,1.0
390,20472.0,22.177,22.95,1010.0695,1.1892,19.625,6.0,5.745,280.0,1.0,14.5,1.0,0.0,20472.0,1.0
391,20524.0,22.177,22.942,1010.04767,1.1891,19.625,6.0,5.745,280.0,1.0,14.49,1.0,0.0,20524.0,1.0
392,20575.0,22.198,22.934,1010.04767,1.1891,19.625,6.0,5.745,281.0,1.0,14.48,1.0,0.0,20575.0,1.0
393,20626.0,22.177,22.934,1010.0561,1.1892,19.625,6.0,5.745,281.0,1.0,14.49,1.0,0.0,20626.0,1.0
394,20677.0,22.187,22.942,1010.0605,1.1891,19.625,6.0,5.745,281.0,1.0,14.49,1.0,0.0,20677.0,1.0
395,20728.0,22.166,22.942,1010.0426,1.1892,19.625,6.0,5.745,282.0,1.0,14.5,1.0,0.0,20728.0,1.0
396,20780.0,22.187,22.942,1010.0426,1.1891,19.625,6.0,5.745,282.0,1.0,14.49,1.0,0.0,20780.0,1.0
397,20831.0,22.187,22.942,1010.0385,1.1891,19.625,6.0,5.745,282.0,1.0,14.49,1.0,0.0,20831.0,1.0
398,20882.0,22.177,22.942,1010.0385,1.1891,19.625,6.0,5.745,282.0,1.0,14.49,1.0,0.0,20882.0,1.0
399,20933.0,22.177,22.95,1010.03424,1.1891,19.625,6.0,5.745,283.0,1.0,14.49,1.0,0.0,20933.0,1.0
400,20984.0,22.166,22.942,1010.03424,1.1892,19.625,6.0,5.745,283.0,1.0,14.5,1.0,0.0,20984.0,1.0
401,21037.0,22.198,22.934,1010.0561,1.1891,19.625,6.0,5.745,283.0,1.0,14.48,1.0,0.0,21037.0,1.0
402,21088.0,22.187,22.934,1010.0426,1.1891,19.625,6.0,5.745,284.0,1.0,14.49,1.0,0.0,21088.0,1.0
403,21139.0,22.187,22.942,1010.0426,1.1891,19.625,6.0,5.745,284.0,1.0,14.49,1.0,0.0,21139.0,1.0
404,21190.0,22.166,22.934,1010.0925,1.1892,19.625,6.0,5.745,284.0,1.0,14.51,1.0,0.0,21190.0,1.0
405,21241.0,22.166,22.942,1010.0561,1.1892,19.625,6.0,5.745,285.0,1.0,14.5,1.0,0.0,21241.0,1.0
406,21293.0,22.177,22.934,1010.06555,1.1892,19.625,6.0,5.745,285.0,1.0,14.5,1.0,0.0,21293.0,1.0
407,21344.0,22.166,22.927,1010.06555,1.1892,19.625,6.0,5.745,285.0,1.0,14.5,1.0,0.0,21344.0,1.0
408,21395.0,22.187,22.942,1010.0385,1.1891,19.75,6.0,5.764,285.0,1.0,13.45,1.0,0.0,21395.0,1.0
409,21446.0,22.187,22.934,1010.052,1.1891,19.75,6.0,5.764,285.0,1.0,13.45,1.0,0.0,21446.0,1.0
410,21497.0,22.177,22.942,1010.0385,1.1891,19.75,6.0,5.763,285.0,1.0,13.45,1.0,0.0,21497.0,1.0
411,21549.0,22.187,22.934,1010.0385,1.1891,19.875,6.0,5.782,285.0,1.0,12.41,1.0,0.0,21549.0,1.0
412,21600.0,22.187,22.934,1010.03424,1.1891,20.0,6.0,5.8,285.0,1.0,11.38,1.0,0.0,21600.0,1.0
413,21651.0,22.187,22.942,1010.1152,1.1892,20.0,6.0,5.8,285.0,1.0,11.39,1.0,0.0,21651.0,1.0
414,21702.0,22.166,22.934,1010.0611,1.1892,20.0,6.0,5.8,285.0,1.0,11.39,1.0,0.0,21702.0,1.0
415,21753.0,22.177,22.942,1010.0611,1.1892,20.0,6.0,5.8,285.0,1.0,11.39,1.0,0.0,21753.0,1.0
416,21805.0,22.177,22.934,1010.052,1.1891,20.125,6.0,5.818,285.0,1.0,10.36,1.0,0.0,21805.0,1.0
417,21856.0,22.187,22.95,1010.052,1.1891,20.125,6.0,5.818,285.0,1.0,10.35,1.0,0.0,21856.0,1.0
418,21907.0,22.177,22.942,1010.0433,1.1891,20.125,6.0,5.818,285.0,1.0,10.36,1.0,0.0,21907.0,1.0
419,21958.0,22.177,22.934,1010.0433,1.1891,20.125,6.0,5.818,286.0,1.0,10.36,1.0,0.0,21958.0,1.0
420,22009.0,22.166,22.942,1010.04767,1.1892,20.125,6.0,5.818,286.0,1.0,10.36,1.0,0.0,22009.0,1.0
421,22061.0,22.187,22.95,1010.052,1.1891,20.125,6.0,5.818,286.0,1.0,10.35,1.0,0.0,22061.0,1.0
422,22112.0,22.177,22.934,1010.0747,1.1892,20.25,6.0,5.836,285.0,1.0,9.34,1.0,0.0,22112.0,1.0
423,22163.0,22.177,22.95,1010.0747,1.1892,20.25,6.0,5.836,286.0,1.0,9.34,1.0,0.0,22163.0,1.0
424,22214.0,22.177,22.942,1010.0385,1.1891,20.375,6.0,5.854,285.0,1.0,8.31,1.0,0.0,22214.0,1.0
425,22265.0,22.166,22.942,1010.05237,1.1892,20.5,6.0,5.872,285.0,1.0,7.29,1.0,0.0,22265.0,1.0
426,22317.0,22.177,22.934,1010.05237,1.1891,20.625,6.0,5.89,284.0,1.0,6.27,1.0,0.0,22317.0,1.0
427,22368.0,22.177,22.95,1010.08374,1.1892,20.75,6.0,5.907,284.0,1.0,5.26,1.0,0.0,22368.0,1.0
428,22419.0,22.155,22.934,1010.07904,1.1893,20.75,6.0,5.907,284.0,1.0,5.28,1.0,0.0,22419.0,1.0
429,22470.0,22.198,22.934,1010.0254,1.189,20.75,6.0,5.908,284.0,1.0,5.24,1.0,0.0,22470.0,1.0
430,22521.0,22.166,22.942,1010.0254,1.1892,21.0,6.0,5.943,283.0,1.0,3.24,1.0,0.0,22521.0,1.0
431,22573.0,22.177,22.927,1010.0568,1.1892,21.0,6.0,5.943,283.0,1.0,3.24,1.0,0.0,22573.0,1.0
432,22624.0,22.166,22.927,1010.052,1.1892,21.0,6.0,5.943,283.0,1.0,3.25,1.0,0.0,22624.0,1.0
433,22675.0,22.177,22.934,1010.0747,1.1892,21.0,6.0,5.943,283.0,1.0,3.24,1.0,0.0,22675.0,1.0
434,22726.0,22.155,22.934,1010.0747,1.1893,20.75,6.0,5.907,284.0,1.0,5.28,1.0,0.0,22726.0,1.0
435,22777.0,22.187,22.934,1010.07904,1.1891,21.0,6.0,5.943,283.0,1.0,3.24,1.0,0.0,22777.0,1.0
436,22829.0,22.177,22.934,1010.0568,1.1892,21.125,6.0,5.961,282.0,1.0,2.24,1.0,0.0,22829.0,1.0
437,22880.0,22.155,22.934,1010.07935,1.1893,21.125,6.0,5.96,282.0,1.0,2.25,1.0,0.0,22880.0,1.0
438,22931.0,22.166,22.934,1010.07935,1.1892,21.125,6.0,5.96,282.0,1.0,2.25,1.0,0.0,22931.0,1.0
439,22982.0,22.166,22.927,1010.0298,1.1892,21.25,6.0,5.978,282.0,1.0,1.24,1.0,0.0,22982.0,1.0
440,23033.0,22.177,22.919,1010.0747,1.1892,21.25,6.0,5.978,282.0,1.0,1.24,1.0,0.0,23033.0,1.0
441,23085.0,22.155,22.927,1010.0568,1.1892,21.375,6.0,5.996,281.0,1.0,0.25,1.0,0.0,23085.0,1.0
442,23136.0,22.155,22.934,1010.0568,1.1892,21.375,6.0,5.996,281.0,1.0,0.25,1.0,0.0,23136.0,1.0
443,23187.0,22.155,22.919,1010.08374,1.1893,21.5,6.0,6.013,280.0,1.0,-0.74,1.0,0.0,23187.0,1.0
444,23238.0,22.166,22.95,1010.0703,1.1892,21.625,6.0,6.031,280.0,1.0,-1.74,1.0,0.0,23238.0,1.0
445,23289.0,22.134,22.942,1010.0703,1.1893,21.625,6.0,6.03,280.0,1.0,-1.72,1.0,0.0,23289.0,1.0
446,23341.0,22.166,22.927,1010.0389,1.1892,21.625,6.0,6.031,280.0,1.0,-1.75,1.0,0.0,23341.0,1.0
447,23392.0,22.155,22.927,1010.0747,1.1893,21.625,6.0,6.031,280.0,1.0,-1.74,1.0,0.0,23392.0,1.0
448,23443.0,22.166,22.927,1010.0973,1.1892,21.625,6.0,6.031,280.0,1.0,-1.74,1.0,0.0,23443.0,1.0
449,23494.0,22.145,22.934,1010.0973,1.1893,21.625,6.0,6.03,280.0,1.0,-1.73,1.0,0.0,23494.0,1.0
450,23545.0,22.145,22.919,1010.0753,1.1893,21.375,6.0,5.995,281.0,1.0,0.26,1.0,0.0,23545.0,1.0
451,23597.0,22.155,22.934,1010.05237,1.1892,21.25,6.0,5.978,282.0,1.0,1.25,1.0,0.0,23597.0,1.0
452,23648.0,22.145,22.919,1010.0888,1.1893,21.25,6.0,5.978,282.0,1.0,1.26,1.0,0.0,23648.0,1.0
453,23699.0,22.145,22.942,1010.0888,1.1893,21.375,6.0,5.995,281.0,1.0,0.26,1.0,0.0,23699.0,1.0
454,23750.0,22.166,22.942,1010.0709,1.1892,21.625,6.0,6.031,280.0,1.0,-1.74,1.0,0.0,23750.0,1.0
455,23801.0,22.166,22.934,1010.05237,1.1892,21.625,6.0,6.031,280.0,1.0,-1.75,1.0,0.0,23801.0,1.0
456,23853.0,22.155,22.927,1010.08453,1.1893,21.625,6.0,6.03,280.0,1.0,-1.73,1.0,0.0,23853.0,1.0
457,23904.0,22.155,22.927,1010.08453,1.1893,21.875,6.0,6.065,278.0,1.0,-3.71,1.0,0.0,23904.0,1.0
458,23955.0,22.134,22.934,1010.1071,1.1894,21.625,6.0,6.03,279.0,1.0,-1.72,1.0,0.0,23955.0,1.0
459,24006.0,22.155,22.934,1010.0254,1.1892,21.625,6.0,6.031,279.0,1.0,-1.74,1.0,0.0,24006.0,1.0
460,24057.0,22.155,22.927,1010.03485,1.1892,21.625,6.0,6.031,279.0,1.0,-1.74,1.0,0.0,24057.0,1.0
461,24109.0,22.155,22.934,1010.03485,1.1892,21.625,6.0,6.031,279.0,1.0,-1.74,1.0,0.0,24109.0,1.0
462,24160.0,22.145,22.927,1010.0753,1.1893,21.625,7.0,6.03,318.0,1.0,55.15,1.0,0.0,24160.0,1.0
463,24211.0,22.145,22.912,1010.0703,1.1893,21.375,7.0,5.995,321.0,1.0,57.14,1.0,0.0,24211.0,1.0
464,24262.0,22.155,22.927,1010.0703,1.1893,21.25,7.0,5.978,323.0,1.0,58.13,1.0,0.0,24262.0,1.0
465,24313.0,22.145,22.934,1010.03485,1.1893,21.125,7.0,5.96,325.0,1.0,59.13,1.0,0.0,24313.0,1.0
466,24365.0,22.155,22.942,1010.04834,1.1892,21.125,7.0,5.96,326.0,1.0,59.13,1.0,0.0,24365.0,1.0
467,24416.0,22.155,22.95,1010.0575,1.1892,20.625,7.0,5.889,330.0,1.0,63.17,1.0,0.0,24416.0,1.0
468,24467.0,22.145,22.942,1010.0575,1.1893,21.125,7.0,5.96,328.0,1.0,59.14,1.0,0.0,24467.0,1.0
469,24518.0,22.155,22.927,1010.0119,1.1892,21.125,7.0,5.961,330.0,1.0,59.12,1.0,0.0,24518.0,1.0
470,24569.0,22.134,22.934,1010.0298,1.1893,21.125,7.0,5.96,331.0,1.0,59.14,1.0,0.0,24569.0,1.0
471,24621.0,22.134,22.934,1010.0973,1.1894,21.25,7.0,5.978,332.0,1.0,58.15,1.0,0.0,24621.0,1.0
472,24672.0,22.134,22.919,1010.0973,1.1894,21.625,7.0,6.03,331.0,1.0,55.16,1.0,0.0,24672.0,1.0
473,24723.0,22.134,22.934,1010.0619,1.1893,21.625,7.0,6.03,332.0,1.0,55.16,1.0,0.0,24723.0,1.0
474,24774.0,22.134,22.927,1010.04834,1.1893,21.875,7.0,6.065,332.0,1.0,53.18,1.0,0.0,24774.0,1.0
475,24825.0,22.155,22.934,1010.0389,1.1892,21.875,7.0,6.065,333.0,1.0,53.16,1.0,0.0,24825.0,1.0
476,24877.0,22.134,22.942,1010.0389,1.1893,21.875,7.0,6.065,334.0,1.0,53.17,1.0,0.0,24877.0,1.0
477,24928.0,22.145,22.934,1010.05237,1.1893,21.875,7.0,6.065,335.0,1.0,53.17,1.0,0.0,24928.0,1.0
478,24979.0,22.145,22.927,1010.0298,1.1893,21.875,7.0,6.065,336.0,1.0,53.17,1.0,0.0,24979.0,1.0
479,25030.0,22.134,22.927,1010.0703,1.1894,21.875,7.0,6.065,337.0,1.0,53.18,1.0,0.0,25030.0,1.0
480,25081.0,22.134,22.927,1010.0703,1.1894,21.875,7.0,6.065,339.0,1.0,53.18,1.0,0.0,25081.0,1.0
481,25133.0,22.134,22.927,1010.0659,1.1893,21.875,7.0,6.065,340.0,1.0,53.18,1.0,0.0,25133.0,1.0
482,25185.0,22.134,22.919,1010.03424,1.1893,21.875,7.0,6.065,341.0,1.0,53.17,1.0,0.0,25185.0,1.0
483,25236.0,22.134,22.927,1010.03424,1.1893,22.0,7.0,6.082,341.0,1.0,52.19,1.0,0.0,25236.0,1.0
484,25287.0,22.134,22.942,1010.0433,1.1893,22.0,7.0,6.082,343.0,1.0,52.19,1.0,0.0,25287.0,1.0
485,25338.0,22.134,22.919,1010.1108,1.1894,22.0,7.0,6.082,344.0,1.0,52.2,1.0,0.0,25338.0,1.0
486,25390.0,22.145,22.927,1010.0568,1.1893,22.125,7.0,6.1,344.0,1.0,51.21,1.0,0.0,25390.0,1.0
487,25441.0,22.134,22.927,1010.0568,1.1893,22.25,7.0,6.117,345.0,1.0,50.23,1.0,0.0,25441.0,1.0
488,25492.0,22.134,22.934,1010.0568,1.1893,22.375,7.0,6.134,345.0,1.0,49.26,1.0,0.0,25492.0,1.0
489,25543.0,22.155,22.919,1010.05237,1.1892,22.5,7.0,6.151,345.0,1.0,48.27,1.0,0.0,25543.0,1.0
490,25594.0,22.123,22.927,1010.05237,1.1894,22.625,7.0,6.168,346.0,1.0,47.32,1.0,0.0,25594.0,1.0
491,25646.0,22.134,22.927,1010.05237,1.1893,22.75,7.0,6.185,346.0,1.0,46.34,1.0,0.0,25646.0,1.0
492,25697.0,22.145,22.934,1010.07935,1.1893,22.875,7.0,6.202,346.0,1.0,45.38,1.0,0.0,25697.0,1.0
493,25748.0,22.134,22.919,1010.08374,1.1894,22.875,7.0,6.202,347.0,1.0,45.39,1.0,0.0,25748.0,1.0
494,25799.0,22.145,22.919,1010.07935,1.1893,23.0,7.0,6.219,348.0,1.0,44.42,1.0,0.0,25799.0,1.0
495,25850.0,22.145,22.912,1010.07935,1.1893,23.625,7.0,6.303,345.0,1.0,39.64,1.0,0.0,25850.0,1.0
496,25902.0,22.145,22.919,1010.0389,1.1893,23.625,7.0,6.303,346.0,1.0,39.63,1.0,0.0,25902.0,1.0
497,25953.0,22.134,22.934,1010.06555,1.1893,23.625,7.0,6.303,347.0,1.0,39.64,1.0,0.0,25953.0,1.0
498,26004.0,22.102,22.919,1010.0206,1.1894,23.625,7.0,6.303,348.0,1.0,39.66,1.0,0.0,26004.0,1.0
499,26055.0,22.112,22.927,1010.0206,1.1894,23.625,7.0,6.303,349.0,1.0,39.65,1.0,0.0,26055.0,1.0
500,26106.0,22.134,22.927,1010.08374,1.1894,23.75,7.0,6.32,349.0,1.0,38.7,1.0,0.0,26106.0,1.0
501,26158.0,22.134,22.934,1010.03424,1.1893,24.125,7.0,6.369,348.0,1.0,35.87,1.0,0.0,26158.0,1.0
502,26209.0,22.145,22.927,1010.0611,1.1893,24.25,7.0,6.386,348.0,1.0,34.93,1.0,0.0,26209.0,1.0
503,26260.0,22.134,22.934,1010.0568,1.1893,24.75,7.0,6.451,346.0,1.0,31.21,1.0,0.0,26260.0,1.0
504,26311.0,22.155,22.927,1010.03424,1.1892,24.875,7.0,6.468,346.0,1.0,30.26,1.0,0.0,26311.0,1.0
505,26362.0,22.134,22.927,1010.0703,1.1894,25.125,7.0,6.5,346.0,1.0,28.44,1.0,0.0,26362.0,1.0
506,26414.0,22.134,22.927,1010.0703,1.1894,25.125,7.0,6.5,346.0,1.0,28.44,1.0,0.0,26414.0,1.0
507,26465.0,22.134,22.919,1010.0568,1.1893,26.0,7.0,6.612,342.0,1.0,22.05,1.0,0.0,26465.0,1.0
508,26516.0,22.145,22.927,1010.0298,1.1893,26.5,7.0,6.676,340.0,1.0,18.44,1.0,0.0,26516.0,1.0
509,26567.0,22.123,22.927,1010.0568,1.1894,26.625,7.0,6.691,340.0,1.0,17.57,1.0,0.0,26567.0,1.0
510,26618.0,22.123,22.919,1010.0568,1.1894,26.75,7.0,6.707,340.0,1.0,16.68,1.0,0.0,26618.0,1.0
511,26670.0,22.134,22.919,1010.08374,1.1894,28.25,7.0,6.892,333.0,1.0,6.12,1.0,0.0,26670.0,1.0
512,26721.0,22.123,22.919,1010.07904,1.1894,28.375,7.0,6.907,333.0,1.0,5.26,1.0,0.0,26721.0,1.0
513,26772.0,22.134,22.919,1010.0433,1.1893,28.375,7.0,6.908,333.0,1.0,5.25,1.0,0.0,26772.0,1.0
514,26823.0,22.134,22.934,1010.0433,1.1893,28.375,7.0,6.908,333.0,1.0,5.25,1.0,0.0,26823.0,1.0
515,26874.0,22.134,22.927,1010.03424,1.1893,28.5,7.0,6.923,332.0,1.0,4.38,1.0,0.0,26874.0,1.0
516,26926.0,22.134,22.927,1010.0831,1.1894,28.5,7.0,6.923,332.0,1.0,4.39,1.0,0.0,26926.0,1.0
517,26977.0,22.134,22.912,1010.0611,1.1893,28.625,7.0,6.938,332.0,1.0,3.53,1.0,0.0,26977.0,1.0
518,27028.0,22.134,22.927,1010.0611,1.1893,28.625,7.0,6.938,332.0,1.0,3.53,1.0,0.0,27028.0,1.0
519,27079.0,22.123,22.927,1010.052,1.1894,28.75,7.0,6.953,332.0,1.0,2.67,1.0,0.0,27079.0,1.0
520,27130.0,22.134,22.919,1010.06555,1.1893,28.875,7.0,6.968,331.0,1.0,1.81,1.0,0.0,27130.0,1.0
521,27182.0,22.112,22.904,1010.052,1.1894,28.875,7.0,6.968,331.0,1.0,1.82,1.0,0.0,27182.0,1.0
522,27233.0,22.134,22.934,1010.052,1.1893,29.0,7.0,6.983,331.0,1.0,0.95,1.0,0.0,27233.0,1.0
523,27284.0,22.112,22.927,1010.0072,1.1894,29.0,7.0,6.983,331.0,1.0,0.95,1.0,0.0,27284.0,1.0
524,27335.0,22.145,22.912,1010.1061,1.1893,29.0,7.0,6.983,331.0,1.0,0.95,1.0,0.0,27335.0,1.0
525,27386.0,22.134,22.927,1010.1061,1.1894,29.125,7.0,6.998,330.0,1.0,0.1,1.0,0.0,27386.0,1.0
526,27438.0,22.112,22.919,1010.0747,1.1894,29.375,7.0,7.028,329.0,1.0,-1.59,1.0,0.0,27438.0,1.0
527,27489.0,22.123,22.912,1010.07904,1.1894,29.375,7.0,7.028,329.0,1.0,-1.6,1.0,0.0,27489.0,1.0
528,27540.0,22.112,22.927,1010.07904,1.1895,29.375,7.0,7.028,329.0,1.0,-1.59,1.0,0.0,27540.0,1.0
529,27591.0,22.134,22.919,1010.07904,1.1894,29.375,7.0,7.028,329.0,1.0,-1.61,1.0,0.0,27591.0,1.0
530,27642.0,22.112,22.927,1010.0925,1.1895,29.125,7.0,6.998,330.0,1.0,0.11,1.0,0.0,27642.0,1.0
531,27694.0,22.112,22.912,1010.04767,1.1894,29.125,7.0,6.998,330.0,1.0,0.11,1.0,0.0,27694.0,1.0
532,27745.0,22.134,22.919,1010.0925,1.1894,29.0,7.0,6.983,330.0,1.0,0.96,1.0,0.0,27745.0,1.0
533,27796.0,22.134,22.912,1010.0925,1.1894,29.0,7.0,6.983,330.0,1.0,0.96,1.0,0.0,27796.0,1.0
534,27847.0,22.123,22.912,1010.0426,1.1894,29.0,7.0,6.983,330.0,1.0,0.95,1.0,0.0,27847.0,1.0
535,27898.0,22.112,22.912,1010.1152,1.1895,29.0,7.0,6.983,331.0,1.0,0.98,1.0,0.0,27898.0,1.0
536,27950.0,22.112,22.912,1010.0747,1.1894,29.0,7.0,6.983,331.0,1.0,0.97,1.0,0.0,27950.0,1.0
537,28001.0,22.134,22.919,1010.0747,1.1894,29.0,7.0,6.983,331.0,1.0,0.95,1.0,0.0,28001.0,1.0
538,28052.0,22.134,22.927,1010.08813,1.1894,29.0,7.0,6.983,331.0,1.0,0.95,1.0,0.0,28052.0,1.0
539,28103.0,22.112,22.919,1010.0433,1.1894,29.0,7.0,6.983,331.0,1.0,0.96,1.0,0.0,28103.0,1.0
540,28154.0,22.134,22.912,1010.08374,1.1894,29.0,7.0,6.983,331.0,1.0,0.95,1.0,0.0,28154.0,1.0
541,28206.0,22.123,22.912,1010.08374,1.1894,29.0,7.0,6.983,331.0,1.0,0.96,1.0,0.0,28206.0,1.0
542,28257.0,22.112,22.927,1010.05237,1.1894,29.0,7.0,6.983,331.0,1.0,0.96,1.0,0.0,28257.0,1.0
543,28308.0,22.112,22.912,1010.0433,1.1894,28.875,7.0,6.968,331.0,1.0,1.82,1.0,0.0,28308.0,1.0
544,28359.0,22.102,22.912,1010.0433,1.1895,28.875,7.0,6.968,331.0,1.0,1.83,1.0,0.0,28359.0,1.0
545,28410.0,22.123,22.919,1010.0703,1.1894,28.75,7.0,6.953,332.0,1.0,2.67,1.0,0.0,28410.0,1.0
546,28462.0,22.112,22.912,1010.05237,1.1894,28.75,7.0,6.953,332.0,1.0,2.68,1.0,0.0,28462.0,1.0
547,28513.0,22.123,22.904,1010.04834,1.1894,28.75,7.0,6.953,332.0,1.0,2.67,1.0,0.0,28513.0,1.0
548,28564.0,22.134,22.919,1010.04834,1.1893,28.625,7.0,6.938,333.0,1.0,3.52,1.0,0.0,28564.0,1.0
549,28615.0,22.091,22.912,1010.0888,1.1896,28.625,7.0,6.937,333.0,1.0,3.56,1.0,0.0,28615.0,1.0
550,28666.0,22.134,22.912,1010.0929,1.1894,28.625,7.0,6.938,333.0,1.0,3.53,1.0,0.0,28666.0,1.0
551,28718.0,22.112,22.919,1010.03485,1.1894,28.625,7.0,6.938,333.0,1.0,3.54,1.0,0.0,28718.0,1.0
552,28769.0,22.112,22.919,1010.03485,1.1894,28.625,7.0,6.938,333.0,1.0,3.54,1.0,0.0,28769.0,1.0
553,28820.0,22.112,22.912,1010.0119,1.1894,28.625,7.0,6.938,333.0,1.0,3.53,1.0,0.0,28820.0,1.0
554,28871.0,22.112,22.919,1010.0659,1.1894,28.625,7.0,6.938,333.0,1.0,3.54,1.0,0.0,28871.0,1.0
555,28922.0,22.112,22.919,1010.0619,1.1894,28.25,7.0,6.892,335.0,1.0,6.13,1.0,0.0,28922.0,1.0
556,28974.0,22.091,22.912,1010.0619,1.1895,28.125,7.0,6.877,336.0,1.0,7.02,1.0,0.0,28974.0,1.0
557,29025.0,22.102,22.889,1010.04834,1.1895,28.125,7.0,6.877,336.0,1.0,7.01,1.0,0.0,29025.0,1.0
558,29076.0,22.123,22.912,1009.9944,1.1893,28.0,7.0,6.862,337.0,1.0,7.85,1.0,0.0,29076.0,1.0
559,29127.0,22.102,22.927,1010.0034,1.1894,27.875,7.0,6.846,337.0,1.0,8.74,1.0,0.0,29127.0,1.0
560,29178.0,22.102,22.896,1010.0034,1.1894,27.875,7.0,6.846,338.0,1.0,8.74,1.0,0.0,29178.0,1.0
561,29230.0,22.091,22.912,1010.0619,1.1895,27.875,7.0,6.846,338.0,1.0,8.76,1.0,0.0,29230.0,1.0
562,29281.0,22.091,22.919,1010.09796,1.1896,27.875,7.0,6.846,338.0,1.0,8.77,1.0,0.0,29281.0,1.0
563,29332.0,22.112,22.912,1010.09796,1.1895,27.875,7.0,6.846,338.0,1.0,8.75,1.0,0.0,29332.0,1.0
564,29383.0,22.091,22.912,1010.0575,1.1895,27.875,7.0,6.846,338.0,1.0,8.76,1.0,0.0,29383.0,1.0
565,29434.0,22.102,22.896,1010.0619,1.1895,27.875,7.0,6.846,339.0,1.0,8.75,1.0,0.0,29434.0,1.0
566,29486.0,22.102,22.912,1010.03955,1.1895,27.875,7.0,6.846,339.0,1.0,8.75,1.0,0.0,29486.0,1.0
567,29537.0,22.102,22.904,1010.03955,1.1895,27.875,7.0,6.846,339.0,1.0,8.75,1.0,0.0,29537.0,1.0
568,29588.0,22.102,22.912,1010.04877,1.1895,27.875,7.0,6.846,339.0,1.0,8.75,1.0,0.0,29588.0,1.0
569,29639.0,22.091,22.904,1010.044,1.1895,28.0,7.0,6.861,339.0,1.0,7.88,1.0,0.0,29639.0,1.0
570,29690.0,22.08,22.912,1010.03046,1.1895,28.25,7.0,6.892,338.0,1.0,6.15,1.0,0.0,29690.0,1.0
571,29742.0,22.102,22.896,1010.03046,1.1894,28.25,7.0,6.892,338.0,1.0,6.14,1.0,0.0,29742.0,1.0
572,29793.0,22.091,22.896,1010.09357,1.1896,28.375,7.0,6.907,337.0,1.0,5.29,1.0,0.0,29793.0,1.0
573,29844.0,22.102,22.904,1010.09357,1.1895,28.375,7.0,6.907,337.0,1.0,5.28,1.0,0.0,29844.0,1.0
574,29895.0,22.091,22.896,1010.04877,1.1895,28.375,7.0,6.907,338.0,1.0,5.28,1.0,0.0,29895.0,1.0
575,29946.0,22.112,22.912,1010.04877,1.1894,28.25,7.0,6.892,338.0,1.0,6.13,1.0,0.0,29946.0,1.0
576,29998.0,22.091,22.896,1010.0352,1.1895,28.25,7.0,6.892,338.0,1.0,6.14,1.0,0.0,29998.0,1.0
577,30049.0,22.102,22.896,1010.0757,1.1895,28.375,7.0,6.907,338.0,1.0,5.28,1.0,0.0,30049.0,1.0
578,30100.0,22.091,22.904,1010.0352,1.1895,28.25,7.0,6.892,339.0,1.0,6.14,1.0,0.0,30100.0,1.0
579,30151.0,22.102,22.896,1010.0352,1.1894,28.375,7.0,6.907,338.0,1.0,5.27,1.0,0.0,30151.0,1.0
580,30202.0,22.091,22.904,1010.0801,1.1895,28.375,7.0,6.907,338.0,1.0,5.29,1.0,0.0,30202.0,1.0
581,30254.0,22.069,22.896,1010.0622,1.1896,28.375,7.0,6.907,338.0,1.0,5.3,1.0,0.0,30254.0,1.0
582,30305.0,22.102,22.904,1010.0622,1.1895,28.375,7.0,6.907,339.0,1.0,5.28,1.0,0.0,30305.0,1.0
583,30356.0,22.091,22.896,1010.03107,1.1895,28.5,7.0,6.922,338.0,1.0,4.41,1.0,0.0,30356.0,1.0
584,30407.0,22.059,22.896,1010.08923,1.1897,28.5,7.0,6.922,338.0,1.0,4.45,1.0,0.0,30407.0,1.0
585,30458.0,22.069,22.912,1010.08514,1.1896,28.5,7.0,6.922,338.0,1.0,4.44,1.0,0.0,30458.0,1.0
586,30510.0,22.069,22.889,1010.08514,1.1896,28.625,7.0,6.937,338.0,1.0,3.58,1.0,0.0,30510.0,1.0
587,30561.0,22.08,22.896,1010.0403,1.1895,28.5,7.0,6.922,338.0,1.0,4.42,1.0,0.0,30561.0,1.0
588,30612.0,22.08,22.912,1010.0538,1.1896,28.5,7.0,6.922,338.0,1.0,4.42,1.0,0.0,30612.0,1.0
589,30663.0,22.08,22.889,1010.0447,1.1896,28.375,7.0,6.907,339.0,1.0,5.29,1.0,0.0,30663.0,1.0
590,30714.0,22.08,22.889,1010.0447,1.1896,28.5,7.0,6.922,339.0,1.0,4.42,1.0,0.0,30714.0,1.0
591,30766.0,22.091,22.881,1010.03107,1.1895,28.625,7.0,6.938,338.0,1.0,3.55,1.0,0.0,30766.0,1.0
592,30817.0,22.091,22.904,1010.0581,1.1895,28.5,7.0,6.922,339.0,1.0,4.42,1.0,0.0,30817.0,1.0
593,30868.0,22.059,22.904,1009.99976,1.1896,28.5,7.0,6.922,339.0,1.0,4.43,1.0,0.0,30868.0,1.0
594,30919.0,22.08,22.896,1009.99976,1.1895,28.625,7.0,6.938,338.0,1.0,3.55,1.0,0.0,30919.0,1.0
595,30970.0,22.08,22.889,1010.0494,1.1896,28.625,7.0,6.937,339.0,1.0,3.56,1.0,0.0,30970.0,1.0
596,31022.0,22.08,22.904,1010.03595,1.1895,28.625,7.0,6.937,339.0,1.0,3.56,1.0,0.0,31022.0,1.0
597,31073.0,22.069,22.896,1010.0045,1.1895,28.625,7.0,6.937,339.0,1.0,3.56,1.0,0.0,31073.0,1.0
598,31124.0,22.059,22.896,1010.0045,1.1896,28.625,7.0,6.937,339.0,1.0,3.57,1.0,0.0,31124.0,1.0
599,31175.0,22.059,22.889,1010.05853,1.1897,28.625,7.0,6.937,339.0,1.0,3.58,1.0,0.0,31175.0,1.0
600,31226.0,22.08,22.896,1010.02313,1.1895,28.625,7.0,6.937,339.0,1.0,3.56,1.0,0.0,31226.0,1.0
601,31278.0,22.08,22.881,1010.02313,1.1895,28.625,7.0,6.937,339.0,1.0,3.56,1.0,0.0,31278.0,1.0
602,31329.0,22.069,22.896,1010.0636,1.1896,28.625,7.0,6.937,339.0,1.0,3.57,1.0,0.0,31329.0,1.0
603,31380.0,22.048,22.904,1010.0545,1.1897,28.625,7.0,6.937,339.0,1.0,3.59,1.0,0.0,31380.0,1.0
604,31431.0,22.091,22.896,1010.0095,1.1895,28.625,7.0,6.938,339.0,1.0,3.55,1.0,0.0,31431.0,1.0
605,31482.0,22.091,22.881,1010.0095,1.1895,28.625,7.0,6.938,339.0,1.0,3.55,1.0,0.0,31482.0,1.0
606,31534.0,22.091,22.889,1010.04126,1.1895,28.625,7.0,6.938,339.0,1.0,3.55,1.0,0.0,31534.0,1.0
607,31585.0,22.08,22.896,1010.0457,1.1896,28.625,7.0,6.937,339.0,1.0,3.56,1.0,0.0,31585.0,1.0
608,31636.0,22.059,22.896,1010.04126,1.1896,28.5,7.0,6.922,340.0,1.0,4.44,1.0,0.0,31636.0,1.0
609,31687.0,22.048,22.889,1010.04126,1.1897,28.625,7.0,6.937,340.0,1.0,3.58,1.0,0.0,31687.0,1.0
610,31738.0,22.069,22.896,1010.02344,1.1896,28.625,7.0,6.937,340.0,1.0,3.56,1.0,0.0,31738.0,1.0
611,31790.0,22.069,22.889,1010.01935,1.1896,28.625,7.0,6.937,340.0,1.0,3.56,1.0,0.0,31790.0,1.0
612,31841.0,22.059,22.896,1009.988,1.1896,28.625,7.0,6.937,340.0,1.0,3.56,1.0,0.0,31841.0,1.0
613,31892.0,22.048,22.896,1009.988,1.1896,28.625,7.0,6.937,340.0,1.0,3.57,1.0,0.0,31892.0,1.0
614,31943.0,22.059,22.896,1010.0329,1.1896,28.625,7.0,6.937,340.0,1.0,3.57,1.0,0.0,31943.0,1.0
615,31994.0,22.069,22.889,1010.0059,1.1895,28.625,7.0,6.937,340.0,1.0,3.56,1.0,0.0,31994.0,1.0
616,32046.0,22.048,22.889,1010.0511,1.1897,28.375,7.0,6.907,341.0,1.0,5.31,1.0,0.0,32046.0,1.0
617,32097.0,22.059,22.904,1010.0511,1.1896,28.375,7.0,6.907,341.0,1.0,5.3,1.0,0.0,32097.0,1.0
618,32148.0,22.048,22.889,1010.03766,1.1897,28.375,7.0,6.907,342.0,1.0,5.31,1.0,0.0,32148.0,1.0
619,32199.0,22.059,22.873,1010.0285,1.1896,28.375,7.0,6.907,342.0,1.0,5.3,1.0,0.0,32199.0,1.0
620,32250.0,22.048,22.881,1010.0285,1.1897,28.375,7.0,6.907,342.0,1.0,5.31,1.0,0.0,32250.0,1.0
621,32302.0,22.027,22.881,1010.0242,1.1898,28.125,7.0,6.876,343.0,1.0,7.06,1.0,0.0,32302.0,1.0
622,32353.0,22.048,22.881,1010.0511,1.1897,28.375,7.0,6.907,342.0,1.0,5.31,1.0,0.0,32353.0,1.0
623,32404.0,22.048,22.873,1010.03326,1.1897,28.375,7.0,6.907,342.0,1.0,5.31,1.0,0.0,32404.0,1.0
624,32455.0,22.059,22.881,1010.03326,1.1896,28.625,7.0,6.937,341.0,1.0,3.57,1.0,0.0,32455.0,1.0
625,32506.0,22.048,22.873,1010.03326,1.1897,28.625,7.0,6.937,341.0,1.0,3.58,1.0,0.0,32506.0,1.0
626,32558.0,22.048,22.889,1010.03766,1.1897,28.625,7.0,6.937,341.0,1.0,3.58,1.0,0.0,32558.0,1.0
627,32609.0,22.048,22.896,1010.0563,1.1897,28.875,7.0,6.967,340.0,1.0,1.87,1.0,0.0,32609.0,1.0
628,32660.0,22.069,22.889,1010.0563,1.1896,29.0,7.0,6.983,340.0,1.0,0.99,1.0,0.0,32660.0,1.0
629,32711.0,22.048,22.896,1010.0022,1.1896,29.25,7.0,7.012,338.0,1.0,-0.71,1.0,0.0,32711.0,1.0
630,32762.0,22.048,22.881,1010.03766,1.1897,29.25,7.0,7.012,338.0,1.0,-0.7,1.0,0.0,32762.0,1.0
631,32814.0,22.037,22.896,1010.0653,1.1898,29.25,7.0,7.012,338.0,1.0,-0.69,1.0,0.0,32814.0,1.0
632,32865.0,22.059,22.873,1010.0653,1.1897,29.25,7.0,7.012,338.0,1.0,-0.7,1.0,0.0,32865.0,1.0
633,32916.0,22.037,22.896,1010.0563,1.1897,29.25,7.0,7.012,338.0,1.0,-0.69,1.0,0.0,32916.0,1.0
634,32967.0,22.048,22.881,1010.0781,1.1897,29.25,7.0,7.012,338.0,1.0,-0.69,1.0,0.0,32967.0,1.0
635,33018.0,22.048,22.881,1010.03326,1.1897,29.25,7.0,7.012,338.0,1.0,-0.7,1.0,0.0,33018.0,1.0
636,33070.0,22.059,22.881,1010.03326,1.1896,29.25,7.0,7.013,338.0,1.0,-0.71,1.0,0.0,33070.0,1.0
637,33121.0,22.048,22.889,1010.0737,1.1897,29.25,7.0,7.012,338.0,1.0,-0.7,1.0,0.0,33121.0,1.0
638,33172.0,22.048,22.881,1009.9928,1.1896,29.25,7.0,7.013,338.0,1.0,-0.71,1.0,0.0,33172.0,1.0
639,33223.0,22.048,22.889,1009.9928,1.1896,29.25,7.0,7.013,338.0,1.0,-0.71,1.0,0.0,33223.0,1.0
640,33274.0,22.069,22.889,1010.0467,1.1896,29.25,7.0,7.013,338.0,1.0,-0.72,1.0,0.0,33274.0,1.0
641,33326.0,22.048,22.889,1010.0825,1.1897,29.25,7.0,7.012,338.0,1.0,-0.69,1.0,0.0,33326.0,1.0
642,33377.0,22.048,22.873,1010.0242,1.1897,29.25,7.0,7.012,338.0,1.0,-0.71,1.0,0.0,33377.0,1.0
643,33428.0,22.048,22.873,1010.0242,1.1897,29.25,7.0,7.012,338.0,1.0,-0.71,1.0,0.0,33428.0,1.0
644,33479.0,22.048,22.889,1010.069,1.1897,29.25,7.0,7.012,338.0,1.0,-0.7,1.0,0.0,33479.0,1.0
645,33530.0,22.069,22.881,1010.0511,1.1896,29.375,7.0,7.028,338.0,1.0,-1.57,1.0,0.0,33530.0,1.0
646,33582.0,22.048,22.873,1010.0511,1.1897,29.25,7.0,7.012,338.0,1.0,-0.7,1.0,0.0,33582.0,1.0
647,33633.0,22.048,22.889,1010.0511,1.1897,29.0,7.0,6.982,339.0,1.0,1.01,1.0,0.0,33633.0,1.0
648,33684.0,22.059,22.873,1010.0603,1.1897,29.25,7.0,7.012,338.0,1.0,-0.71,1.0,0.0,33684.0,1.0
649,33735.0,22.048,22.873,1010.0329,1.1897,29.0,7.0,6.982,339.0,1.0,1.01,1.0,0.0,33735.0,1.0
650,33786.0,22.048,22.866,1010.03326,1.1897,28.625,7.0,6.937,341.0,1.0,3.58,1.0,0.0,33786.0,1.0
651,33838.0,22.048,22.889,1010.03326,1.1897,28.625,7.0,6.937,341.0,1.0,3.58,1.0,0.0,33838.0,1.0
652,33889.0,22.048,22.873,1010.0781,1.1897,28.625,7.0,6.937,341.0,1.0,3.59,1.0,0.0,33889.0,1.0
653,33940.0,22.037,22.889,1010.0464,1.1897,28.625,7.0,6.937,341.0,1.0,3.59,1.0,0.0,33940.0,1.0
654,33991.0,22.059,22.873,1010.0647,1.1897,28.625,7.0,6.937,341.0,1.0,3.58,1.0,0.0,33991.0,1.0
655,34042.0,22.048,22.889,1010.0647,1.1897,29.0,7.0,6.982,340.0,1.0,1.01,1.0,0.0,34042.0,1.0
656,34094.0,22.048,22.873,1010.0285,1.1897,29.25,7.0,7.012,339.0,1.0,-0.7,1.0,0.0,34094.0,1.0
657,34145.0,22.048,22.873,1010.04205,1.1897,29.25,7.0,7.012,339.0,1.0,-0.7,1.0,0.0,34145.0,1.0
658,34196.0,22.059,22.881,1010.04205,1.1896,29.375,7.0,7.027,338.0,1.0,-1.56,1.0,0.0,34196.0,1.0
659,34247.0,22.059,22.889,1010.0555,1.1897,29.375,14.01,7.027,220.0,0.0,234.32,1.0,0.0,34247.0,1.0
660,34298.0,22.048,22.889,1010.0285,1.1897,29.375,14.01,7.027,220.0,0.0,234.32,1.0,0.0,34298.0,1.0
661,34350.0,22.048,22.889,1010.0464,1.1897,29.375,14.01,7.027,220.0,0.0,234.32,1.0,0.0,34350.0,1.0
662,34401.0,22.037,22.889,1010.0464,1.1897,29.375,14.01,7.027,220.0,0.0,234.33,1.0,0.0,34401.0,1.0
663,34452.0,22.048,22.881,1010.0647,1.1897,29.375,14.01,7.027,220.0,0.0,234.33,1.0,0.0,34452.0,1.0
664,34504.0,22.048,22.873,1010.0464,1.1897,29.375,14.01,7.027,220.0,0.0,234.32,1.0,0.0,34504.0,1.0
665,34555.0,22.059,22.889,1010.0464,1.1896,29.375,14.01,7.027,220.0,0.0,234.31,1.0,0.0,34555.0,1.0
666,34607.0,22.037,22.881,1010.0464,1.1897,29.375,14.01,7.027,220.0,0.0,234.33,1.0,0.0,34607.0,1.0
667,34658.0,22.048,22.896,1010.0464,1.1897,29.25,14.01,7.012,220.0,0.0,235.17,1.0,0.0,34658.0,1.0
668,34709.0,22.069,22.889,1010.02344,1.1896,28.625,14.01,6.937,220.0,0.0,239.44,1.0,0.0,34709.0,1.0
669,34760.0,22.048,22.889,1010.0781,1.1897,28.625,14.01,6.937,220.0,0.0,239.46,1.0,0.0,34760.0,1.0
670,34811.0,22.069,22.889,1010.0781,1.1896,28.625,14.01,6.937,220.0,0.0,239.45,1.0,0.0,34811.0,1.0
671,34863.0,22.048,22.889,1010.01,1.1896,28.375,14.01,6.907,220.0,0.0,241.18,1.0,0.0,34863.0,1.0
672,34914.0,22.048,22.889,1010.0329,1.1897,28.375,14.01,6.907,220.0,0.0,241.18,1.0,0.0,34914.0,1.0
673,34966.0,22.048,22.889,1010.0285,1.1897,28.375,14.01,6.907,220.0,0.0,241.18,1.0,0.0,34966.0,1.0
674,35017.0,22.059,22.881,1010.0285,1.1896,28.375,14.01,6.907,220.0,0.0,241.17,1.0,0.0,35017.0,1.0
675,35068.0,22.059,22.896,1009.97455,1.1896,28.375,14.01,6.907,220.0,0.0,241.16,1.0,0.0,35068.0,1.0
676,35120.0,22.059,22.881,1010.01935,1.1896,28.25,14.01,6.892,220.0,0.0,242.04,1.0,0.0,35120.0,1.0
677,35171.0,22.069,22.889,1010.0555,1.1896,28.125,14.01,6.876,220.0,0.0,242.91,1.0,0.0,35171.0,1.0
678,35222.0,22.069,22.881,1010.0555,1.1896,28.125,14.01,6.876,220.0,0.0,242.91,1.0,0.0,35222.0,1.0
679,35273.0,22.059,22.896,1010.0285,1.1896,28.125,14.01,6.876,220.0,0.0,242.91,1.0,0.0,35273.0,1.0
680,35324.0,22.059,22.889,1010.0598,1.1897,28.125,14.01,6.876,220.0,0.0,242.91,1.0,0.0,35324.0,1.0
681,35376.0,22.048,22.889,1010.0598,1.1897,28.125,14.01,6.876,220.0,0.0,242.92,1.0,0.0,35376.0,1.0
682,35428.0,22.059,22.889,1010.0464,1.1896,28.125,14.01,6.876,220.0,0.0,242.91,1.0,0.0,35428.0,1.0
683,35479.0,22.059,22.873,1010.0369,1.1896,28.125,14.01,6.876,220.0,0.0,242.91,1.0,0.0,35479.0,1.0
684,35530.0,22.048,22.873,1010.08685,1.1897,28.0,14.01,6.861,220.0,0.0,243.8,1.0,0.0,35530.0,1.0
685,35581.0,22.048,22.881,1010.08685,1.1897,28.0,14.01,6.861,220.0,0.0,243.8,1.0,0.0,35581.0,1.0
686,35633.0,22.069,22.881,1010.0285,1.1896,27.875,14.01,6.846,220.0,0.0,244.64,1.0,0.0,35633.0,1.0
687,35684.0,22.048,22.873,1010.0555,1.1897,27.875,14.01,6.845,220.0,0.0,244.66,1.0,0.0,35684.0,1.0
688,35735.0,22.059,22.889,1010.0555,1.1897,27.0,14.01,6.737,220.0,0.0,250.82,1.0,0.0,35735.0,1.0
689,35786.0,22.048,22.873,1010.0555,1.1897,27.0,14.01,6.737,220.0,0.0,250.82,1.0,0.0,35786.0,1.0
690,35837.0,22.059,22.889,1010.03766,1.1896,26.125,14.01,6.627,220.0,0.0,257.07,1.0,0.0,35837.0,1.0
691,35890.0,22.048,22.881,1010.0598,1.1897,26.125,14.01,6.627,220.0,0.0,257.08,1.0,0.0,35890.0,1.0
692,35941.0,22.069,22.889,1010.0285,1.1896,26.125,14.01,6.627,220.0,0.0,257.06,1.0,0.0,35941.0,1.0
693,35992.0,22.048,22.881,1010.0285,1.1897,26.0,14.01,6.611,220.0,0.0,257.98,1.0,0.0,35992.0,1.0
694,36043.0,22.059,22.858,1010.015,1.1896,25.75,14.01,6.58,220.0,0.0,259.78,1.0,0.0,36043.0,1.0
695,36094.0,22.059,22.889,1010.04205,1.1896,25.75,14.01,6.58,220.0,0.0,259.79,1.0,0.0,36094.0,1.0
696,36146.0,22.048,22.881,1010.0197,1.1897,25.0,14.01,6.483,220.0,0.0,265.28,1.0,0.0,36146.0,1.0
697,36197.0,22.059,22.873,1010.0197,1.1896,24.125,14.01,6.369,220.0,0.0,271.79,1.0,0.0,36197.0,1.0
698,36248.0,22.048,22.873,1010.02924,1.1897,24.0,14.01,6.352,220.0,0.0,272.73,1.0,0.0,36248.0,1.0
699,36299.0,22.069,22.889,1010.0511,1.1896,24.0,14.01,6.352,220.0,0.0,272.72,1.0,0.0,36299.0,1.0
700,36352.0,22.059,22.873,1010.0519,1.1897,23.875,14.01,6.335,220.0,0.0,273.67,1.0,0.0,36352.0,1.0
701,36403.0,22.048,22.866,1010.0519,1.1897,23.75,14.01,6.319,220.0,0.0,274.63,1.0,0.0,36403.0,1.0
702,36454.0,22.059,22.881,1010.0197,1.1896,23.375,14.01,6.269,220.0,0.0,277.46,1.0,0.0,36454.0,1.0
703,36505.0,22.048,22.896,1010.0427,1.1897,22.625,14.01,6.167,220.0,0.0,283.24,1.0,0.0,36505.0,1.0
704,36556.0,22.048,22.881,1010.0427,1.1897,22.5,14.01,6.15,220.0,0.0,284.21,1.0,0.0,36556.0,1.0
705,36608.0,22.037,22.889,1010.00696,1.1897,22.375,14.01,6.133,220.0,0.0,285.18,1.0,0.0,36608.0,1.0
706,36659.0,22.059,22.873,1010.0653,1.1897,22.0,14.01,6.082,220.0,0.0,288.12,1.0,0.0,36659.0,1.0
707,36710.0,22.037,22.889,1010.01135,1.1897,21.75,14.01,6.047,220.0,0.0,290.09,1.0,0.0,36710.0,1.0
708,36762.0,22.059,22.873,1010.01135,1.1896,21.625,14.01,6.03,220.0,0.0,291.07,1.0,0.0,36762.0,1.0
709,36813.0,22.048,22.873,1010.0609,1.1897,21.5,14.01,6.012,220.0,0.0,292.08,1.0,0.0,36813.0,1.0
710,36865.0,22.048,22.881,1010.07446,1.1897,21.125,14.01,5.959,220.0,0.0,295.07,1.0,0.0,36865.0,1.0
711,36916.0,22.048,22.889,1009.9978,1.1896,21.125,14.01,5.959,220.0,0.0,295.06,1.0,0.0,36916.0,1.0
712,36967.0,22.059,22.881,1009.9978,1.1896,21.0,14.01,5.942,220.0,0.0,296.06,1.0,0.0,36967.0,1.0
713,37018.0,22.059,22.873,1010.01135,1.1896,20.375,14.01,5.853,220.0,0.0,301.13,1.0,0.0,37018.0,1.0
714,37069.0,22.059,22.881,1010.0157,1.1896,19.625,14.01,5.744,220.0,0.0,307.31,1.0,0.0,37069.0,1.0
715,37121.0,22.059,22.873,1010.03827,1.1896,19.25,14.01,5.689,220.0,0.0,310.45,1.0,0.0,37121.0,1.0
716,37172.0,22.059,22.889,1010.03827,1.1896,19.25,14.01,5.689,220.0,0.0,310.45,1.0,0.0,37172.0,1.0
717,37224.0,22.059,22.873,1010.03827,1.1896,18.375,14.0,5.558,220.0,0.0,317.5,1.0,0.0,37224.0,0.0
718,37275.0,22.048,22.873,1009.9934,1.1896,18.375,14.0,5.558,220.0,0.0,317.5,1.0,0.0,37275.0,0.0
719,37326.0,22.069,22.881,1010.0653,1.1896,18.25,14.0,5.539,220.0,0.0,318.58,1.0,0.0,37326.0,0.0
720,37378.0,22.048,22.873,1010.0653,1.1897,18.125,14.0,5.52,220.0,0.0,319.67,1.0,0.0,37378.0,0.0
721,37429.0,22.048,22.889,1010.01135,1.1896,17.875,14.0,5.482,220.0,0.0,321.83,1.0,0.0,37429.0,0.0
722,37480.0,22.069,22.889,1010.0653,1.1896,17.25,14.0,5.385,220.0,0.0,327.33,1.0,0.0,37480.0,0.0
723,37531.0,22.059,22.873,1010.0832,1.1897,16.875,14.0,5.326,220.0,0.0,330.69,1.0,0.0,37531.0,0.0
724,37582.0,22.027,22.873,1010.0832,1.1898,16.5,14.0,5.266,220.0,0.0,334.09,1.0,0.0,37582.0,0.0
725,37635.0,22.048,22.873,1010.0697,1.1897,16.375,14.0,5.247,220.0,0.0,335.21,1.0,0.0,37635.0,0.0
726,37686.0,22.048,22.873,1010.0525,1.1897,16.375,14.0,5.247,220.0,0.0,335.21,1.0,0.0,37686.0,0.0
727,37737.0,22.037,22.889,1010.0525,1.1897,15.5,14.0,5.105,220.0,0.0,343.3,1.0,0.0,37737.0,0.0
728,37788.0,22.048,22.881,1010.0474,1.1897,15.375,14.0,5.084,220.0,0.0,344.46,1.0,0.0,37788.0,0.0
729,37839.0,22.059,22.873,1010.02484,1.1896,15.25,14.0,5.063,220.0,0.0,345.63,1.0,0.0,37839.0,0.0
730,37891.0,22.027,22.881,1010.0566,1.1898,15.0,14.0,5.021,220.0,0.0,348.02,1.0,0.0,37891.0,0.0
731,37942.0,22.048,22.881,1010.0566,1.1897,14.875,14.0,5.001,220.0,0.0,349.21,1.0,0.0,37942.0,0.0
732,37993.0,22.059,22.889,1010.00696,1.1896,14.75,14.0,4.98,220.0,0.0,350.39,1.0,0.0,37993.0,0.0
733,38044.0,22.059,22.873,1010.0474,1.1896,14.0,14.0,4.851,220.0,0.0,357.69,1.0,0.0,38044.0,0.0
734,38096.0,22.037,22.873,1010.0566,1.1897,14.0,14.0,4.851,220.0,0.0,357.7,1.0,0.0,38096.0,0.0
735,38148.0,22.069,22.889,1010.0566,1.1896,13.875,14.0,4.83,220.0,0.0,358.92,1.0,0.0,38148.0,0.0
736,38199.0,22.069,22.889,1010.02954,1.1896,13.875,14.0,4.83,220.0,0.0,358.92,1.0,0.0,38199.0,0.0
737,38250.0,22.048,22.881,1010.07886,1.1897,13.75,14.0,4.808,220.0,0.0,360.18,1.0,0.0,38250.0,0.0
738,38301.0,22.037,22.866,1010.02545,1.1897,13.5,14.0,4.764,220.0,0.0,362.67,1.0,0.0,38301.0,0.0
739,38352.0,22.048,22.873,1010.02545,1.1897,12.0,14.0,4.492,220.0,0.0,378.16,1.0,0.0,38352.0,0.0
740,38404.0,22.048,22.866,1010.0211,1.1897,12.0,14.0,4.492,220.0,0.0,378.16,1.0,0.0,38404.0,0.0
741,38455.0,22.048,22.881,1010.0346,1.1897,11.25,14.0,4.349,220.0,0.0,386.28,1.0,0.0,38455.0,0.0
742,38506.0,22.059,22.873,1010.0346,1.1896,11.25,14.0,4.349,220.0,0.0,386.27,1.0,0.0,38506.0,0.0
743,38557.0,22.048,22.881,1010.0346,1.1897,11.125,14.0,4.325,220.0,0.0,387.66,1.0,0.0,38557.0,0.0
744,38609.0,22.027,22.873,1010.012,1.1897,11.0,14.0,4.3,220.0,0.0,389.05,1.0,0.0,38609.0,0.0
745,38661.0,22.059,22.873,1010.0033,1.1896,10.625,14.0,4.227,220.0,0.0,393.24,1.0,0.0,38661.0,0.0
746,38712.0,22.037,22.873,1010.0664,1.1898,10.5,14.0,4.201,220.0,0.0,394.67,1.0,0.0,38712.0,0.0
747,38763.0,22.037,22.889,1010.0664,1.1898,10.0,14.0,4.1,220.0,0.0,400.43,1.0,0.0,38763.0,0.0
748,38814.0,22.048,22.889,1009.9949,1.1896,10.0,14.0,4.1,220.0,0.0,400.42,1.0,0.0,38814.0,0.0
749,38865.0,22.048,22.866,1010.02655,1.1897,10.0,14.0,4.1,220.0,0.0,400.42,1.0,0.0,38865.0,0.0
750,38917.0,22.048,22.889,1010.02655,1.1897,9.75,14.0,4.049,220.0,0.0,403.36,1.0,0.0,38917.0,0.0
751,38968.0,22.037,22.866,1010.01306,1.1897,9.625,14.0,4.023,220.0,0.0,404.84,1.0,0.0,38968.0,0.0
752,39019.0,22.027,22.881,1010.03094,1.1898,9.5,14.0,3.996,220.0,0.0,406.34,1.0,0.0,39019.0,0.0
753,39070.0,22.048,22.881,1010.0536,1.1897,9.5,14.0,3.996,220.0,0.0,406.33,1.0,0.0,39070.0,0.0
754,39121.0,22.027,22.873,1010.0536,1.1898,9.375,14.0,3.97,220.0,0.0,407.84,1.0,0.0,39121.0,0.0
755,39174.0,22.037,22.881,1010.0627,1.1898,9.375,14.0,3.97,220.0,0.0,407.84,1.0,0.0,39174.0,0.0
756,39225.0,22.048,22.866,1010.0762,1.1897,9.25,14.0,3.943,220.0,0.0,409.35,1.0,0.0,39225.0,0.0
757,39276.0,22.037,22.873,1010.0586,1.1897,8.875,14.0,3.863,220.0,0.0,413.94,1.0,0.0,39276.0,0.0
758,39327.0,22.027,22.866,1010.0586,1.1898,8.75,14.0,3.835,220.0,0.0,415.5,1.0,0.0,39327.0,0.0
759,39378.0,22.048,22.881,1009.99115,1.1896,8.625,14.0,3.808,220.0,0.0,417.05,1.0,0.0,39378.0,0.0
760,39430.0,22.048,22.873,1010.0627,1.1897,8.5,14.0,3.78,220.0,0.0,418.63,1.0,0.0,39430.0,0.0
761,39481.0,22.037,22.873,1010.04517,1.1897,8.375,14.0,3.752,220.0,0.0,420.22,1.0,0.0,39481.0,0.0
762,39532.0,22.037,22.881,1010.04517,1.1897,8.375,14.0,3.752,220.0,0.0,420.22,1.0,0.0,39532.0,0.0
763,39583.0,22.037,22.889,1009.99115,1.1897,8.25,14.0,3.724,220.0,0.0,421.81,1.0,0.0,39583.0,0.0
764,39634.0,22.027,22.873,1010.067,1.1898,8.125,14.0,3.696,220.0,0.0,423.43,1.0,0.0,39634.0,0.0
765,39686.0,22.027,22.866,1010.06775,1.1898,7.875,14.0,3.638,220.0,0.0,426.69,1.0,0.0,39686.0,0.0
766,39737.0,22.037,22.881,1010.06775,1.1898,7.5,14.0,3.551,220.0,0.0,431.68,1.0,0.0,39737.0,0.0
767,39788.0,22.048,22.873,1010.08563,1.1897,7.5,14.0,3.551,220.0,0.0,431.67,1.0,0.0,39788.0,0.0
768,39839.0,22.027,22.873,1010.03564,1.1898,7.125,14.0,3.461,220.0,0.0,436.79,1.0,0.0,39839.0,0.0
769,39891.0,22.037,22.881,1010.03564,1.1897,7.0,14.0,3.43,220.0,0.0,438.52,1.0,0.0,39891.0,0.0
770,39943.0,22.037,22.866,1010.0408,1.1897,6.75,14.0,3.369,220.0,0.0,442.04,1.0,0.0,39943.0,0.0
771,39994.0,22.037,22.866,1010.0542,1.1897,6.625,14.0,3.337,220.0,0.0,443.82,1.0,0.0,39994.0,0.0
772,40045.0,22.027,22.858,1010.03204,1.1898,6.625,14.0,3.337,220.0,0.0,443.82,1.0,0.0,40045.0,0.0
773,40096.0,22.027,22.866,1010.03204,1.1898,6.5,14.0,3.306,220.0,0.0,445.62,1.0,0.0,40096.0,0.0
774,40147.0,22.037,22.881,1010.005,1.1897,6.0,14.0,3.176,220.0,0.0,452.99,1.0,0.0,40147.0,0.0
775,40199.0,22.027,22.866,1010.01843,1.1897,6.0,14.0,3.176,220.0,0.0,453.0,1.0,0.0,40199.0,0.0
776,40250.0,22.037,22.873,1010.03204,1.1897,5.75,14.0,3.109,220.0,0.0,456.8,1.0,0.0,40250.0,0.0
777,40301.0,22.048,22.873,1010.03204,1.1897,5.625,14.0,3.075,220.0,0.0,458.73,1.0,0.0,40301.0,0.0
778,40352.0,22.027,22.866,1010.0236,1.1898,5.625,14.0,3.075,220.0,0.0,458.74,1.0,0.0,40352.0,0.0
779,40403.0,22.027,22.866,1010.02795,1.1898,5.5,14.0,3.041,220.0,0.0,460.69,1.0,0.0,40403.0,0.0
780,40455.0,22.016,22.889,1010.03705,1.1898,5.375,14.0,3.006,220.0,0.0,462.67,1.0,0.0,40455.0,0.0
781,40506.0,21.994,22.866,1010.03705,1.1899,5.375,14.0,3.006,220.0,0.0,462.68,1.0,0.0,40506.0,0.0
782,40557.0,22.027,22.881,1010.04614,1.1898,5.25,14.0,2.971,220.0,0.0,464.67,1.0,0.0,40557.0,0.0
783,40608.0,22.016,22.866,1010.0641,1.1898,5.25,14.0,2.971,220.0,0.0,464.67,1.0,0.0,40608.0,0.0
784,40659.0,22.027,22.858,1010.00134,1.1897,5.125,14.0,2.935,220.0,0.0,466.69,1.0,0.0,40659.0,0.0
785,40711.0,22.037,22.873,1010.00134,1.1897,5.125,14.0,2.935,220.0,0.0,466.68,1.0,0.0,40711.0,0.0
786,40763.0,22.016,22.866,1010.0687,1.1899,4.875,14.0,2.863,220.0,0.0,470.82,1.0,0.0,40763.0,0.0
787,40814.0,22.016,22.873,1010.0108,1.1898,4.875,14.0,2.863,220.0,0.0,470.81,1.0,0.0,40814.0,0.0
788,40865.0,21.994,22.851,1010.029,1.1899,4.75,14.0,2.826,220.0,0.0,472.92,1.0,0.0,40865.0,0.0
789,40916.0,22.016,22.858,1010.029,1.1898,4.625,14.0,2.788,220.0,0.0,475.05,1.0,0.0,40916.0,0.0
790,40968.0,22.027,22.866,1010.07385,1.1898,4.25,14.0,2.673,220.0,0.0,481.61,1.0,0.0,40968.0,0.0
791,41019.0,22.016,22.873,1010.0695,1.1899,4.125,14.0,2.633,220.0,0.0,483.87,1.0,0.0,41019.0,0.0
792,41070.0,21.994,22.866,1010.0695,1.1899,4.0,14.0,2.593,220.0,0.0,486.16,1.0,0.0,41070.0,0.0
793,41121.0,21.994,22.851,1010.0475,1.1899,3.875,14.0,2.552,220.0,0.0,488.48,1.0,0.0,41121.0,0.0
794,41172.0,22.005,22.858,1010.0921,1.1899,3.875,14.0,2.552,220.0,0.0,488.48,1.0,0.0,41172.0,0.0
795,41224.0,22.005,22.866,1010.115,1.19,3.75,14.0,2.511,220.0,0.0,490.84,1.0,0.0,41224.0,0.0
796,41275.0,22.005,22.866,1010.115,1.19,3.625,14.0,2.468,220.0,0.0,493.24,1.0,0.0,41275.0,0.0
797,41326.0,22.005,22.858,1010.0567,1.1899,3.625,14.0,2.468,220.0,0.0,493.24,1.0,0.0,41326.0,0.0
798,41377.0,21.994,22.858,1010.0745,1.19,3.625,14.0,2.468,220.0,0.0,493.24,1.0,0.0,41377.0,0.0
799,41428.0,21.994,22.866,1010.09283,1.19,3.5,14.0,2.425,220.0,0.0,495.68,1.0,0.0,41428.0,0.0
800,41480.0,21.994,22.858,1010.09283,1.19,3.5,14.0,2.425,220.0,0.0,495.68,0.0,0.0,41480.0,0.0
801,41531.0,21.994,22.851,1010.0658,1.1899,3.375,14.0,2.382,220.0,0.0,498.17,0.0,0.0,41531.0,0.0
802,41582.0,21.994,22.858,1010.0253,1.1899,3.25,14.0,2.337,220.0,0.0,500.7,0.0,0.0,41582.0,0.0
803,41633.0,21.994,22.851,1009.96686,1.1898,3.25,14.0,2.337,220.0,0.0,500.69,0.0,0.0,41633.0,0.0
804,41686.0,21.973,22.858,1009.96686,1.1899,2.5,14.0,2.05,220.0,0.0,517.05,0.0,0.0,41686.0,0.0
805,41737.0,21.994,22.858,1010.0438,1.1899,2.5,14.0,2.05,220.0,0.0,517.05,0.0,0.0,41737.0,0.0
806,41788.0,21.994,22.843,1010.07086,1.1899,2.375,14.0,1.998,220.0,0.0,520.0,0.0,0.0,41788.0,0.0
807,41839.0,21.973,22.858,1010.0394,1.19,2.25,14.0,1.945,220.0,0.0,523.03,0.0,0.0,41839.0,0.0
808,41890.0,21.973,22.866,1010.0394,1.19,2.0,14.0,1.833,220.0,0.0,529.36,0.0,0.0,41890.0,0.0
809,41942.0,21.994,22.858,1010.03033,1.1899,2.0,14.0,1.834,220.0,0.0,529.35,0.0,0.0,41942.0,0.0
810,41993.0,21.984,22.851,1010.0438,1.19,1.875,14.0,1.775,220.0,0.0,532.66,0.0,0.0,41993.0,0.0
811,42044.0,21.984,22.873,1010.03033,1.1899,1.875,14.0,1.775,220.0,0.0,532.66,0.0,0.0,42044.0,0.0
812,42095.0,21.973,22.858,1010.0131,1.19,1.875,14.0,1.775,220.0,0.0,532.67,0.0,0.0,42095.0,0.0
813,42146.0,21.994,22.851,1010.0172,1.1899,1.875,14.0,1.775,220.0,0.0,532.66,0.0,0.0,42146.0,0.0
814,42198.0,21.973,22.843,1010.0628,1.19,1.875,14.0,1.775,220.0,0.0,532.67,0.0,0.0,42198.0,0.0
815,42249.0,21.984,22.851,1010.0628,1.19,1.75,14.0,1.715,220.0,0.0,536.09,0.0,0.0,42249.0,0.0
816,42300.0,21.984,22.858,1010.0223,1.1899,1.75,14.0,1.715,220.0,0.0,536.09,0.0,0.0,42300.0,0.0
817,42351.0,21.994,22.851,1010.0853,1.19,1.75,14.0,1.715,220.0,0.0,536.09,0.0,0.0,42351.0,0.0
818,42402.0,21.984,22.851,1010.0547,1.19,1.75,14.0,1.715,220.0,0.0,536.09,0.0,0.0,42402.0,0.0
819,42454.0,21.973,22.851,1010.0547,1.19,1.75,14.0,1.715,220.0,0.0,536.09,0.0,0.0,42454.0,0.0
820,42505.0,21.994,22.851,1010.0189,1.1899,1.75,14.0,1.715,220.0,0.0,536.08,0.0,0.0,42505.0,0.0
821,42557.0,21.984,22.851,1009.99194,1.1899,1.625,14.0,1.653,220.0,0.0,539.64,0.0,0.0,42557.0,0.0
822,42608.0,21.973,22.843,1010.09515,1.1901,1.625,14.0,1.653,220.0,0.0,539.64,0.0,0.0,42608.0,0.0
823,42659.0,21.962,22.858,1010.09515,1.1901,1.625,14.0,1.653,220.0,0.0,539.65,0.0,0.0,42659.0,0.0
824,42711.0,21.962,22.851,1010.03687,1.19,1.5,14.0,1.588,220.0,0.0,543.33,0.0,0.0,42711.0,0.0
825,42762.0,21.994,22.843,1010.0098,1.1899,1.5,14.0,1.588,220.0,0.0,543.32,0.0,0.0,42762.0,0.0
826,42813.0,21.962,22.858,1010.0105,1.19,1.5,14.0,1.588,220.0,0.0,543.33,0.0,0.0,42813.0,0.0
827,42864.0,21.962,22.858,1010.0105,1.19,1.375,14.0,1.52,220.0,0.0,547.17,0.0,0.0,42864.0,0.0
828,42915.0,21.962,22.851,1010.0196,1.19,1.375,14.0,1.52,220.0,0.0,547.17,0.0,0.0,42915.0,0.0
829,42967.0,21.973,22.851,1010.0375,1.19,1.375,14.0,1.52,220.0,0.0,547.17,0.0,0.0,42967.0,0.0
830,43018.0,21.962,22.843,1009.9883,1.19,1.375,14.0,1.52,220.0,0.0,547.17,0.0,0.0,43018.0,0.0
831,43069.0,21.951,22.851,1009.9883,1.19,1.25,14.0,1.449,220.0,0.0,551.2,0.0,0.0,43069.0,0.0
832,43120.0,21.951,22.843,1010.0419,1.1901,1.125,14.0,1.375,220.0,0.0,555.43,0.0,0.0,43120.0,0.0
833,43171.0,21.962,22.858,1010.02875,1.19,1.125,14.0,1.375,220.0,0.0,555.43,0.0,0.0,43171.0,0.0
834,43223.0,21.951,22.851,1010.02875,1.1901,1.0,14.0,1.296,220.0,0.0,559.9,0.0,0.0,43223.0,0.0
835,43274.0,21.951,22.843,1010.01526,1.1901,1.0,14.0,1.296,220.0,0.0,559.9,0.0,0.0,43274.0,0.0
836,43325.0,21.951,22.851,1010.0382,1.1901,1.0,14.0,1.296,220.0,0.0,559.9,0.0,0.0,43325.0,0.0
837,43376.0,21.941,22.851,1009.9941,1.1901,1.0,14.0,1.296,220.0,0.0,559.9,0.0,0.0,43376.0,0.0
838,43428.0,21.951,22.858,1009.9941,1.19,1.0,14.0,1.296,220.0,0.0,559.9,0.0,0.0,43428.0,0.0
839,43480.0,21.962,22.851,1009.97107,1.19,1.0,14.0,1.296,220.0,0.0,559.9,0.0,0.0,43480.0,0.0
840,43531.0,21.919,22.843,1010.04736,1.1902,0.875,14.0,1.213,220.0,0.0,564.66,0.0,0.0,43531.0,0.0
841,43582.0,21.951,22.835,1009.98047,1.19,0.875,14.0,1.213,220.0,0.0,564.66,0.0,0.0,43582.0,0.0
842,43633.0,21.951,22.843,1009.98047,1.19,0.875,14.0,1.213,220.0,0.0,564.66,0.0,0.0,43633.0,0.0
843,43684.0,21.962,22.858,1009.98456,1.19,0.875,14.0,1.213,220.0,0.0,564.66,0.0,0.0,43684.0,0.0
844,43736.0,21.962,22.843,1010.0078,1.19,0.875,14.0,1.213,220.0,0.0,564.66,0.0,0.0,43736.0,0.0
845,43787.0,21.951,22.851,1010.02576,1.1901,0.875,14.0,1.213,220.0,0.0,564.66,0.0,0.0,43787.0,0.0
846,43838.0,21.962,22.843,1010.02576,1.19,0.875,14.0,1.213,220.0,0.0,564.66,0.0,0.0,43838.0,0.0
847,43889.0,21.941,22.843,1010.0075,1.1901,0.875,14.0,1.213,220.0,0.0,564.66,0.0,0.0,43889.0,0.0
848,43940.0,21.951,22.843,1010.0075,1.1901,0.875,14.0,1.213,220.0,0.0,564.66,0.0,0.0,43940.0,0.0
849,43992.0,21.93,22.843,1009.9988,1.1901,0.875,14.0,1.213,220.0,0.0,564.66,0.0,0.0,43992.0,0.0
850,44043.0,21.951,22.843,1009.9988,1.19,0.875,14.0,1.213,220.0,0.0,564.66,0.0,0.0,44043.0,0.0
851,44094.0,21.941,22.858,1010.0075,1.1901,0.875,14.0,1.213,220.0,0.0,564.66,0.0,0.0,44094.0,0.0
852,44145.0,21.93,22.835,1009.97174,1.1901,0.875,14.0,1.213,220.0,0.0,564.66,0.0,0.0,44145.0,0.0
853,44196.0,21.941,22.835,1009.9852,1.1901,0.875,14.0,1.213,220.0,0.0,564.66,0.0,0.0,44196.0,0.0
854,44248.0,21.951,22.843,1009.9941,1.19,0.875,14.0,1.213,220.0,0.0,564.66,0.0,0.0,44248.0,0.0
855,44299.0,21.951,22.843,1009.98456,1.19,0.875,14.0,1.213,220.0,0.0,564.66,0.0,0.0,44299.0,0.0
856,44350.0,21.941,22.828,1009.94,1.19,0.75,14.0,1.123,220.0,0.0,569.78,0.0,0.0,44350.0,0.0
857,44401.0,21.93,22.835,1009.94,1.1901,0.75,14.0,1.123,220.0,0.0,569.78,0.0,0.0,44401.0,0.0
858,44453.0,21.951,22.835,1009.9944,1.19,0.75,14.0,1.123,220.0,0.0,569.78,0.0,0.0,44453.0,0.0
859,44505.0,21.941,22.835,1009.98083,1.1901,0.75,14.0,1.123,220.0,0.0,569.78,0.0,0.0,44505.0,0.0
860,44556.0,21.941,22.835,1009.98157,1.1901,0.75,14.0,1.123,220.0,0.0,569.78,0.0,0.0,44556.0,0.0
861,44607.0,21.93,22.835,1009.98157,1.1901,0.625,14.0,1.025,220.0,0.0,575.34,0.0,0.0,44607.0,0.0
862,44658.0,21.962,22.835,1009.9772,1.19,0.625,14.0,1.025,220.0,0.0,575.34,0.0,0.0,44658.0,0.0
863,44709.0,21.919,22.835,1009.9725,1.1901,0.625,14.0,1.025,220.0,0.0,575.34,0.0,0.0,44709.0,0.0
864,44761.0,21.941,22.828,1009.96875,1.1901,0.625,14.0,1.025,220.0,0.0,575.34,0.0,0.0,44761.0,0.0
865,44812.0,21.941,22.843,1009.96875,1.1901,0.625,14.0,1.025,220.0,0.0,575.34,0.0,0.0,44812.0,0.0
866,44863.0,21.93,22.828,1009.995,1.1901,0.625,14.0,1.025,220.0,0.0,575.34,0.0,0.0,44863.0,0.0
867,44914.0,21.941,22.835,1009.95526,1.19,0.625,14.0,1.025,220.0,0.0,575.34,0.0,0.0,44914.0,0.0
868,44965.0,21.941,22.835,1009.97314,1.1901,0.5,14.0,0.917,220.0,0.0,581.49,0.0,0.0,44965.0,0.0
869,45017.0,21.941,22.835,1009.97314,1.1901,0.5,14.0,0.917,220.0,0.0,581.49,0.0,0.0,45017.0,0.0
870,45068.0,21.93,22.835,1010.0092,1.1901,0.5,14.0,0.917,220.0,0.0,581.49,0.0,0.0,45068.0,0.0
871,45119.0,21.941,22.843,1010.0045,1.1901,0.5,14.0,0.917,220.0,0.0,581.49,0.0,0.0,45119.0,0.0
872,45170.0,21.919,22.828,1009.98224,1.1902,0.5,14.0,0.917,220.0,0.0,581.49,0.0,0.0,45170.0,0.0
873,45221.0,21.941,22.843,1009.98224,1.1901,0.5,14.0,0.917,220.0,0.0,581.49,0.0,0.0,45221.0,0.0
874,45273.0,21.93,22.835,1010.0002,1.1901,0.375,14.0,0.794,220.0,0.0,588.49,0.0,0.0,45273.0,0.0
875,45324.0,21.919,22.835,1009.96906,1.1901,0.375,14.0,0.794,220.0,0.0,588.49,0.0,0.0,45324.0,0.0
876,45375.0,21.919,22.835,1009.96906,1.1901,0.375,14.0,0.794,220.0,0.0,588.49,0.0,0.0,45375.0,0.0
877,45426.0,21.919,22.835,1009.9917,1.1902,0.375,14.0,0.794,220.0,0.0,588.49,0.0,0.0,45426.0,0.0
878,45477.0,21.909,22.843,1009.9961,1.1902,0.5,14.0,0.917,220.0,0.0,581.5,0.0,0.0,45477.0,0.0
879,45529.0,21.919,22.835,1009.9961,1.1902,0.625,14.0,1.025,220.0,0.0,575.34,0.0,0.0,45529.0,0.0
880,45580.0,21.93,22.828,1009.9961,1.1901,0.5,14.0,0.917,220.0,0.0,581.49,0.0,0.0,45580.0,0.0
881,45631.0,21.909,22.835,1009.9603,1.1902,0.5,14.0,0.917,220.0,0.0,581.49,0.0,0.0,45631.0,0.0
882,45682.0,21.93,22.843,1009.9469,1.1901,0.375,14.0,0.794,220.0,0.0,588.49,0.0,0.0,45682.0,0.0
883,45733.0,21.919,22.843,1009.91986,1.1901,0.375,14.0,0.794,220.0,0.0,588.49,0.0,0.0,45733.0,0.0
884,45785.0,21.909,22.828,1009.91986,1.1901,0.375,14.0,0.794,220.0,0.0,588.49,0.0,0.0,45785.0,0.0
885,45835.0,21.919,22.835,1009.95593,1.1901,0.375,14.0,0.794,220.0,0.0,588.49,0.0,0.0,45835.0,0.0
886,45886.0,21.919,22.828,1009.98737,1.1902,0.375,14.0,0.794,220.0,0.0,588.49,0.0,0.0,45886.0,0.0
887,45937.0,21.919,22.843,1009.98737,1.1902,0.5,14.0,0.917,220.0,0.0,581.49,0.0,0.0,45937.0,0.0
888,45988.0,21.909,22.835,1009.98737,1.1902,0.5,14.0,0.917,220.0,0.0,581.5,0.0,0.0,45988.0,0.0
889,46040.0,21.887,22.82,1009.96936,1.1903,0.5,14.0,0.917,220.0,0.0,581.5,0.0,0.0,46040.0,0.0
890,46091.0,21.898,22.843,1009.9738,1.1902,0.375,14.0,0.794,220.0,0.0,588.49,0.0,0.0,46091.0,0.0
891,46142.0,21.909,22.828,1009.9603,1.1902,0.625,14.0,1.025,220.0,0.0,575.35,0.0,0.0,46142.0,0.0
892,46193.0,21.898,22.835,1009.9603,1.1902,0.75,14.0,1.123,220.0,0.0,569.79,0.0,0.0,46193.0,0.0
893,46244.0,21.919,22.82,1009.91986,1.1901,0.625,14.0,1.025,220.0,0.0,575.34,0.0,0.0,46244.0,0.0
894,46296.0,21.919,22.828,1009.98737,1.1902,0.75,14.0,1.123,220.0,0.0,569.78,0.0,0.0,46296.0,0.0
895,46347.0,21.887,22.828,1009.98737,1.1903,0.75,14.0,1.123,220.0,0.0,569.79,0.0,0.0,46347.0,0.0
896,46397.0,21.898,22.843,1009.96936,1.1902,1.0,14.0,1.296,220.0,0.0,559.91,0.0,0.0,46397.0,0.0
897,46448.0,21.887,22.843,1009.98737,1.1903,1.0,14.0,1.296,220.0,0.0,559.91,0.0,0.0,46448.0,0.0
898,46499.0,21.919,22.835,1009.96936,1.1901,1.0,14.0,1.296,220.0,0.0,559.91,0.0,0.0,46499.0,0.0
899,46551.0,21.887,22.828,1009.96936,1.1903,1.0,14.0,1.296,220.0,0.0,559.91,0.0,0.0,46551.0,0.0
900,46602.0,21.909,22.835,1010.01,1.1902,1.0,14.0,1.296,220.0,0.0,559.91,0.0,0.0,46602.0,0.0
901,46653.0,21.919,22.82,1009.96936,1.1901,1.0,14.0,1.296,220.0,0.0,559.91,0.0,0.0,46653.0,0.0
902,46704.0,21.919,22.828,1010.0143,1.1902,1.0,14.0,1.296,220.0,0.0,559.91,0.0,0.0,46704.0,0.0
903,46754.0,21.909,22.828,1010.0143,1.1902,1.0,14.0,1.296,220.0,0.0,559.91,0.0,0.0,46754.0,0.0
904,46806.0,21.898,22.828,1009.9603,1.1902,1.0,14.0,1.296,220.0,0.0,559.91,0.0,0.0,46806.0,0.0
905,46857.0,21.887,22.82,1009.9782,1.1903,1.0,14.0,1.296,220.0,0.0,559.91,0.0,0.0,46857.0,0.0
906,46908.0,21.919,22.828,1009.95593,1.1901,1.0,14.0,1.296,220.0,0.0,559.91,0.0,0.0,46908.0,0.0
907,46959.0,21.876,22.828,1009.95593,1.1903,1.0,14.0,1.296,220.0,0.0,559.91,0.0,0.0,46959.0,0.0
908,47010.0,21.898,22.828,1010.0008,1.1903,1.0,14.0,1.296,220.0,0.0,559.91,0.0,0.0,47010.0,0.0
909,47062.0,21.898,22.82,1010.01,1.1903,1.0,14.0,1.296,220.0,0.0,559.91,0.0,0.0,47062.0,0.0
910,47112.0,21.887,22.82,1010.01,1.1903,1.0,14.0,1.296,220.0,0.0,559.91,0.0,0.0,47112.0,0.0
911,47163.0,21.887,22.82,1009.95593,1.1903,1.0,14.0,1.296,220.0,0.0,559.91,0.0,0.0,47163.0,0.0
912,47214.0,21.898,22.828,1009.9924,1.1903,1.0,14.0,1.296,220.0,0.0,559.91,0.0,0.0,47214.0,0.0
913,47265.0,21.887,22.828,1009.9789,1.1903,1.0,14.0,1.296,220.0,0.0,559.91,0.0,0.0,47265.0,0.0
914,47316.0,21.876,22.828,1009.9789,1.1903,1.0,14.0,1.296,220.0,0.0,559.91,0.0,0.0,47316.0,0.0
915,47368.0,21.887,22.82,1009.9738,1.1903,1.0,14.0,1.296,220.0,0.0,559.91,0.0,0.0,47368.0,0.0
916,47418.0,21.898,22.835,1010.02783,1.1903,1.0,14.0,1.296,220.0,0.0,559.91,0.0,0.0,47418.0,0.0
917,47469.0,21.887,22.82,1009.98737,1.1903,1.0,14.0,1.296,220.0,0.0,559.91,0.0,0.0,47469.0,0.0
918,47520.0,21.887,22.828,1009.98737,1.1903,1.0,14.0,1.296,220.0,0.0,559.91,0.0,0.0,47520.0,0.0
919,47571.0,21.876,22.828,1009.9654,1.1903,1.0,14.0,1.296,220.0,0.0,559.91,0.0,0.0,47571.0,0.0
920,47623.0,21.887,22.835,1010.0008,1.1903,1.0,14.0,1.296,220.0,0.0,559.91,0.0,0.0,47623.0,0.0
921,47674.0,21.898,22.82,1010.0008,1.1903,1.0,14.0,1.296,220.0,0.0,559.91,0.0,0.0,47674.0,0.0
922,47724.0,21.866,22.82,1010.0008,1.1904,1.0,14.0,1.296,220.0,0.0,559.92,0.0,0.0,47724.0,0.0
923,47775.0,21.887,22.828,1009.96466,1.1903,1.0,14.0,1.296,220.0,0.0,559.91,0.0,0.0,47775.0,0.0
924,47826.0,21.887,22.828,1009.9469,1.1903,1.0,14.0,1.296,220.0,0.0,559.91,0.0,0.0,47826.0,0.0
925,47878.0,21.876,22.835,1009.98737,1.1903,1.0,14.0,1.296,220.0,0.0,559.91,0.0,0.0,47878.0,0.0
926,47929.0,21.898,22.82,1009.98737,1.1903,1.0,14.0,1.296,220.0,0.0,559.91,0.0,0.0,47929.0,0.0
927,47980.0,21.887,22.82,1010.00586,1.1903,1.0,14.0,1.296,220.0,0.0,559.91,0.0,0.0,47980.0,0.0
928,48031.0,21.887,22.835,1009.9789,1.1903,1.0,14.0,1.296,220.0,0.0,559.91,0.0,0.0,48031.0,0.0
929,48081.0,21.876,22.835,1009.9789,1.1903,1.0,14.0,1.296,220.0,0.0,559.91,0.0,0.0,48081.0,0.0
930,48133.0,21.887,22.82,1010.0143,1.1903,1.0,14.0,1.296,220.0,0.0,559.91,0.0,0.0,48133.0,0.0
931,48184.0,21.887,22.828,1009.983,1.1903,1.0,14.0,1.296,220.0,0.0,559.91,0.0,0.0,48184.0,0.0
932,48235.0,21.887,22.82,1009.9789,1.1903,0.125,14.0,0.459,220.0,0.0,607.56,0.0,0.0,48235.0,0.0
933,48286.0,21.887,22.82,1009.9789,1.1903,0.125,14.0,0.459,220.0,0.0,607.56,0.0,0.0,48286.0,0.0
934,48337.0,21.876,22.828,1010.01,1.1904,0.125,14.0,0.459,220.0,0.0,607.56,0.0,0.0,48337.0,0.0
935,48388.0,21.887,22.82,1009.9425,1.1903,0.125,14.0,0.459,220.0,0.0,607.56,0.0,0.0,48388.0,0.0
936,48439.0,21.909,22.82,1009.97455,1.1902,0.125,14.0,0.459,220.0,0.0,607.56,0.0,0.0,48439.0,0.0
937,48490.0,21.898,22.835,1009.97455,1.1902,0.125,14.0,0.459,220.0,0.0,607.56,0.0,0.0,48490.0,0.0
938,48541.0,21.887,22.835,1009.9425,1.1902,0.125,14.0,0.459,220.0,0.0,607.56,0.0,0.0,48541.0,0.0
939,48592.0,21.887,22.812,1009.98737,1.1903,0.125,14.0,0.459,220.0,0.0,607.56,0.0,0.0,48592.0,0.0
940,48644.0,21.876,22.82,1009.9964,1.1904,0.125,14.0,0.459,220.0,0.0,607.56,0.0,0.0,48644.0,0.0
941,48695.0,21.898,22.82,1009.9964,1.1903,0.125,14.0,0.459,220.0,0.0,607.56,0.0,0.0,48695.0,0.0
942,48745.0,21.887,22.82,1009.983,1.1903,0.125,14.0,0.459,220.0,0.0,607.56,0.0,0.0,48745.0,0.0
943,48796.0,21.887,22.812,1009.9917,1.1903,0.125,14.0,0.459,220.0,0.0,607.56,0.0,0.0,48796.0,0.0
944,48847.0,21.887,22.82,1009.9917,1.1903,0.125,14.0,0.459,220.0,0.0,607.56,0.0,0.0,48847.0,0.0
945,48899.0,21.876,22.812,1009.9289,1.1903,0.125,14.0,0.459,220.0,0.0,607.56,0.0,0.0,48899.0,0.0
946,48950.0,21.876,22.805,1009.96936,1.1903,0.125,14.0,0.459,220.0,0.0,607.56,0.0,0.0,48950.0,0.0
947,49001.0,21.887,22.812,1009.9738,1.1903,0.125,14.0,0.459,220.0,0.0,607.56,0.0,0.0,49001.0,0.0
948,49052.0,21.876,22.82,1009.9738,1.1903,0.125,14.0,0.459,220.0,0.0,607.56,0.0,0.0,49052.0,0.0
949,49102.0,21.876,22.812,1009.9519,1.1903,0.125,14.0,0.459,220.0,0.0,607.56,0.0,0.0,49102.0,0.0
950,49154.0,21.887,22.82,1009.9384,1.1902,0.125,14.0,0.459,220.0,0.0,607.56,0.0,0.0,49154.0,0.0
951,49205.0,21.887,22.82,1009.9654,1.1903,0.125,14.0,0.459,220.0,0.0,607.56,0.0,0.0,49205.0,0.0
952,49256.0,21.887,22.82,1009.9654,1.1903,0.125,14.0,0.459,220.0,0.0,607.56,0.0,0.0,49256.0,0.0
953,49307.0,21.876,22.812,1009.9789,1.1903,0.125,14.0,0.459,220.0,0.0,607.56,0.0,0.0,49307.0,0.0
954,49358.0,21.898,22.828,1009.9782,1.1902,0.125,14.0,0.459,220.0,0.0,607.56,0.0,0.0,49358.0,0.0
955,49410.0,21.887,22.812,1009.9249,1.1902,0.125,14.0,0.459,220.0,0.0,607.56,0.0,0.0,49410.0,0.0
956,49460.0,21.876,22.812,1009.9249,1.1903,0.125,14.0,0.459,220.0,0.0,607.56,0.0,0.0,49460.0,0.0
957,49511.0,21.876,22.812,1010.0008,1.1904,0.125,14.0,0.459,220.0,0.0,607.56,0.0,0.0,49511.0,0.0
958,49562.0,21.876,22.812,1009.90204,1.1902,0.125,14.0,0.459,220.0,0.0,607.56,0.0,0.0,49562.0,0.0
959,49613.0,21.887,22.812,1009.983,1.1903,0.125,14.0,0.459,220.0,0.0,607.56,0.0,0.0,49613.0,0.0
960,49665.0,21.887,22.82,1009.98737,1.1903,0.125,14.0,0.459,220.0,0.0,607.56,0.0,0.0,49665.0,0.0
961,49716.0,21.876,22.82,1009.95123,1.1903,0.125,14.0,0.459,220.0,0.0,607.56,0.0,0.0,49716.0,0.0
962,49767.0,21.866,22.812,1009.96466,1.1904,0.125,14.0,0.459,220.0,0.0,607.56,0.0,0.0,49767.0,0.0
963,49817.0,21.887,22.812,1009.96466,1.1903,0.125,14.0,0.459,220.0,0.0,607.56,0.0,0.0,49817.0,0.0
964,49868.0,21.887,22.828,1009.93335,1.1902,0.125,14.0,0.459,220.0,0.0,607.56,0.0,0.0,49868.0,0.0
965,49920.0,21.876,22.835,1009.94214,1.1903,0.125,14.0,0.459,220.0,0.0,607.56,0.0,0.0,49920.0,0.0
